update_date,update_time,Zip,Positive_Cases
04-17-2020,17:34,60002,32
04-17-2020,17:34,60004,58
04-17-2020,17:34,60005,35
04-17-2020,17:34,60007,56
04-17-2020,17:34,60008,31
04-17-2020,17:34,60010,29
04-17-2020,17:34,60012,18
04-17-2020,17:34,60013,32
04-17-2020,17:34,60014,34
04-17-2020,17:34,60015,70
04-17-2020,17:34,60016,306
04-17-2020,17:34,60018,92
04-17-2020,17:34,60020,10
04-17-2020,17:34,60021,7
04-17-2020,17:34,60022,15
04-17-2020,17:34,60025,135
04-17-2020,17:34,60026,58
04-17-2020,17:34,60030,38
04-17-2020,17:34,60031,74
04-17-2020,17:34,60033,9
04-17-2020,17:34,60035,99
04-17-2020,17:34,60040,13
04-17-2020,17:34,60041,8
04-17-2020,17:34,60042,7
04-17-2020,17:34,60043,13
04-17-2020,17:34,60044,35
04-17-2020,17:34,60045,75
04-17-2020,17:34,60046,46
04-17-2020,17:34,60047,43
04-17-2020,17:34,60048,42
04-17-2020,17:34,60050,36
04-17-2020,17:34,60051,20
04-17-2020,17:34,60053,80
04-17-2020,17:34,60056,108
04-17-2020,17:34,60060,67
04-17-2020,17:34,60061,40
04-17-2020,17:34,60062,85
04-17-2020,17:34,60064,126
04-17-2020,17:34,60067,30
04-17-2020,17:34,60068,100
04-17-2020,17:34,60069,16
04-17-2020,17:34,60070,32
04-17-2020,17:34,60073,128
04-17-2020,17:34,60074,64
04-17-2020,17:34,60076,169
04-17-2020,17:34,60077,133
04-17-2020,17:34,60081,13
04-17-2020,17:34,60083,24
04-17-2020,17:34,60084,51
04-17-2020,17:34,60085,449
04-17-2020,17:34,60087,125
04-17-2020,17:34,60088,16
04-17-2020,17:34,60089,63
04-17-2020,17:34,60090,94
04-17-2020,17:34,60091,71
04-17-2020,17:34,60093,85
04-17-2020,17:34,60096,8
04-17-2020,17:34,60097,8
04-17-2020,17:34,60098,63
04-17-2020,17:34,60099,138
04-17-2020,17:34,60101,107
04-17-2020,17:34,60102,31
04-17-2020,17:34,60103,38
04-17-2020,17:34,60104,152
04-17-2020,17:34,60106,98
04-17-2020,17:34,60107,76
04-17-2020,17:34,60108,33
04-17-2020,17:34,60110,34
04-17-2020,17:34,60115,24
04-17-2020,17:34,60118,15
04-17-2020,17:34,60119,8
04-17-2020,17:34,60120,66
04-17-2020,17:34,60123,67
04-17-2020,17:34,60124,14
04-17-2020,17:34,60126,76
04-17-2020,17:34,60130,47
04-17-2020,17:34,60131,67
04-17-2020,17:34,60133,78
04-17-2020,17:34,60134,16
04-17-2020,17:34,60136,12
04-17-2020,17:34,60137,35
04-17-2020,17:34,60139,74
04-17-2020,17:34,60140,16
04-17-2020,17:34,60142,18
04-17-2020,17:34,60143,14
04-17-2020,17:34,60148,83
04-17-2020,17:34,60153,116
04-17-2020,17:34,60154,67
04-17-2020,17:34,60155,32
04-17-2020,17:34,60156,22
04-17-2020,17:34,60160,96
04-17-2020,17:34,60162,45
04-17-2020,17:34,60163,15
04-17-2020,17:34,60164,69
04-17-2020,17:34,60165,27
04-17-2020,17:34,60169,38
04-17-2020,17:34,60171,29
04-17-2020,17:34,60172,31
04-17-2020,17:34,60173,10
04-17-2020,17:34,60174,21
04-17-2020,17:34,60175,23
04-17-2020,17:34,60176,23
04-17-2020,17:34,60177,20
04-17-2020,17:34,60178,10
04-17-2020,17:34,60181,69
04-17-2020,17:34,60185,66
04-17-2020,17:34,60187,19
04-17-2020,17:34,60188,101
04-17-2020,17:34,60189,31
04-17-2020,17:34,60190,9
04-17-2020,17:34,60191,19
04-17-2020,17:34,60192,13
04-17-2020,17:34,60193,51
04-17-2020,17:34,60194,25
04-17-2020,17:34,60201,105
04-17-2020,17:34,60202,108
04-17-2020,17:34,60203,14
04-17-2020,17:34,60301,11
04-17-2020,17:34,60302,77
04-17-2020,17:34,60304,32
04-17-2020,17:34,60305,16
04-17-2020,17:34,60401,22
04-17-2020,17:34,60402,228
04-17-2020,17:34,60403,55
04-17-2020,17:34,60404,34
04-17-2020,17:34,60406,76
04-17-2020,17:34,60409,182
04-17-2020,17:34,60410,11
04-17-2020,17:34,60411,249
04-17-2020,17:34,60415,59
04-17-2020,17:34,60417,57
04-17-2020,17:34,60418,29
04-17-2020,17:34,60419,120
04-17-2020,17:34,60422,44
04-17-2020,17:34,60423,58
04-17-2020,17:34,60425,45
04-17-2020,17:34,60426,127
04-17-2020,17:34,60428,73
04-17-2020,17:34,60429,89
04-17-2020,17:34,60430,90
04-17-2020,17:34,60431,73
04-17-2020,17:34,60432,47
04-17-2020,17:34,60433,66
04-17-2020,17:34,60434,19
04-17-2020,17:34,60435,205
04-17-2020,17:34,60436,44
04-17-2020,17:34,60438,108
04-17-2020,17:34,60439,35
04-17-2020,17:34,60440,160
04-17-2020,17:34,60441,74
04-17-2020,17:34,60442,16
04-17-2020,17:34,60443,147
04-17-2020,17:34,60445,42
04-17-2020,17:34,60446,102
04-17-2020,17:34,60447,9
04-17-2020,17:34,60448,40
04-17-2020,17:34,60449,29
04-17-2020,17:34,60450,14
04-17-2020,17:34,60451,41
04-17-2020,17:34,60452,57
04-17-2020,17:34,60453,163
04-17-2020,17:34,60455,67
04-17-2020,17:34,60456,14
04-17-2020,17:34,60457,34
04-17-2020,17:34,60458,23
04-17-2020,17:34,60459,78
04-17-2020,17:34,60461,28
04-17-2020,17:34,60462,82
04-17-2020,17:34,60463,43
04-17-2020,17:34,60464,11
04-17-2020,17:34,60465,45
04-17-2020,17:34,60466,209
04-17-2020,17:34,60467,54
04-17-2020,17:34,60468,9
04-17-2020,17:34,60469,15
04-17-2020,17:34,60471,83
04-17-2020,17:34,60472,33
04-17-2020,17:34,60473,154
04-17-2020,17:34,60475,36
04-17-2020,17:34,60477,66
04-17-2020,17:34,60478,106
04-17-2020,17:34,60480,11
04-17-2020,17:34,60481,8
04-17-2020,17:34,60482,21
04-17-2020,17:34,60484,46
04-17-2020,17:34,60487,42
04-17-2020,17:34,60490,60
04-17-2020,17:34,60491,63
04-17-2020,17:34,60501,29
04-17-2020,17:34,60502,24
04-17-2020,17:34,60503,11
04-17-2020,17:34,60504,45
04-17-2020,17:34,60505,83
04-17-2020,17:34,60506,98
04-17-2020,17:34,60510,15
04-17-2020,17:34,60513,48
04-17-2020,17:34,60514,24
04-17-2020,17:34,60515,26
04-17-2020,17:34,60516,30
04-17-2020,17:34,60517,55
04-17-2020,17:34,60521,26
04-17-2020,17:34,60523,29
04-17-2020,17:34,60525,70
04-17-2020,17:34,60526,21
04-17-2020,17:34,60527,127
04-17-2020,17:34,60532,29
04-17-2020,17:34,60534,21
04-17-2020,17:34,60538,22
04-17-2020,17:34,60540,27
04-17-2020,17:34,60542,16
04-17-2020,17:34,60543,39
04-17-2020,17:34,60544,49
04-17-2020,17:34,60545,9
04-17-2020,17:34,60546,47
04-17-2020,17:34,60551,9
04-17-2020,17:34,60554,9
04-17-2020,17:34,60555,20
04-17-2020,17:34,60558,13
04-17-2020,17:34,60559,62
04-17-2020,17:34,60560,18
04-17-2020,17:34,60561,46
04-17-2020,17:34,60563,38
04-17-2020,17:34,60564,48
04-17-2020,17:34,60565,63
04-17-2020,17:34,60585,33
04-17-2020,17:34,60586,90
04-17-2020,17:34,60601,35
04-17-2020,17:34,60605,69
04-17-2020,17:34,60606,17
04-17-2020,17:34,60607,138
04-17-2020,17:34,60608,339
04-17-2020,17:34,60609,248
04-17-2020,17:34,60610,104
04-17-2020,17:34,60611,74
04-17-2020,17:34,60612,255
04-17-2020,17:34,60613,155
04-17-2020,17:34,60614,180
04-17-2020,17:34,60615,164
04-17-2020,17:34,60616,179
04-17-2020,17:34,60617,337
04-17-2020,17:34,60618,256
04-17-2020,17:34,60619,364
04-17-2020,17:34,60620,444
04-17-2020,17:34,60621,180
04-17-2020,17:34,60622,186
04-17-2020,17:34,60623,416
04-17-2020,17:34,60624,270
04-17-2020,17:34,60625,277
04-17-2020,17:34,60626,230
04-17-2020,17:34,60628,359
04-17-2020,17:34,60629,420
04-17-2020,17:34,60630,160
04-17-2020,17:34,60631,91
04-17-2020,17:34,60632,316
04-17-2020,17:34,60633,40
04-17-2020,17:34,60634,308
04-17-2020,17:34,60636,206
04-17-2020,17:34,60637,205
04-17-2020,17:34,60638,202
04-17-2020,17:34,60639,430
04-17-2020,17:34,60640,227
04-17-2020,17:34,60641,232
04-17-2020,17:34,60642,38
04-17-2020,17:34,60643,309
04-17-2020,17:34,60644,324
04-17-2020,17:34,60645,408
04-17-2020,17:34,60646,75
04-17-2020,17:34,60647,191
04-17-2020,17:34,60649,244
04-17-2020,17:34,60651,326
04-17-2020,17:34,60652,191
04-17-2020,17:34,60653,193
04-17-2020,17:34,60654,53
04-17-2020,17:34,60655,119
04-17-2020,17:34,60656,87
04-17-2020,17:34,60657,158
04-17-2020,17:34,60659,225
04-17-2020,17:34,60660,121
04-17-2020,17:34,60661,20
04-17-2020,17:34,60706,81
04-17-2020,17:34,60707,160
04-17-2020,17:34,60712,71
04-17-2020,17:34,60714,132
04-17-2020,17:34,60803,55
04-17-2020,17:34,60804,317
04-17-2020,17:34,60805,67
04-17-2020,17:34,60827,121
04-17-2020,17:34,60901,158
04-17-2020,17:34,60914,47
04-17-2020,17:34,60915,10
04-17-2020,17:34,60950,15
04-17-2020,17:34,60954,9
04-17-2020,17:34,60964,9
04-17-2020,17:34,61008,14
04-17-2020,17:34,61016,6
04-17-2020,17:34,61021,11
04-17-2020,17:34,61032,8
04-17-2020,17:34,61065,6
04-17-2020,17:34,61068,26
04-17-2020,17:34,61081,17
04-17-2020,17:34,61101,12
04-17-2020,17:34,61102,17
04-17-2020,17:34,61103,17
04-17-2020,17:34,61104,10
04-17-2020,17:34,61107,8
04-17-2020,17:34,61108,25
04-17-2020,17:34,61109,18
04-17-2020,17:34,61114,11
04-17-2020,17:34,61201,34
04-17-2020,17:34,61235,6
04-17-2020,17:34,61241,9
04-17-2020,17:34,61244,56
04-17-2020,17:34,61264,8
04-17-2020,17:34,61265,48
04-17-2020,17:34,61282,12
04-17-2020,17:34,61604,7
04-17-2020,17:34,61611,7
04-17-2020,17:34,61614,9
04-17-2020,17:34,61615,8
04-17-2020,17:34,61701,31
04-17-2020,17:34,61704,16
04-17-2020,17:34,61705,7
04-17-2020,17:34,61761,18
04-17-2020,17:34,61764,9
04-17-2020,17:34,61801,11
04-17-2020,17:34,61802,16
04-17-2020,17:34,61820,6
04-17-2020,17:34,61821,10
04-17-2020,17:34,61822,23
04-17-2020,17:34,61853,7
04-17-2020,17:34,61874,6
04-17-2020,17:34,61910,6
04-17-2020,17:34,62002,28
04-17-2020,17:34,62024,6
04-17-2020,17:34,62025,23
04-17-2020,17:34,62034,8
04-17-2020,17:34,62035,8
04-17-2020,17:34,62040,28
04-17-2020,17:34,62052,7
04-17-2020,17:34,62060,7
04-17-2020,17:34,62095,7
04-17-2020,17:34,62201,8
04-17-2020,17:34,62203,9
04-17-2020,17:34,62204,8
04-17-2020,17:34,62205,7
04-17-2020,17:34,62206,22
04-17-2020,17:34,62207,14
04-17-2020,17:34,62208,18
04-17-2020,17:34,62220,17
04-17-2020,17:34,62221,26
04-17-2020,17:34,62223,19
04-17-2020,17:34,62226,36
04-17-2020,17:34,62233,27
04-17-2020,17:34,62234,17
04-17-2020,17:34,62236,27
04-17-2020,17:34,62258,11
04-17-2020,17:34,62265,8
04-17-2020,17:34,62269,21
04-17-2020,17:34,62278,11
04-17-2020,17:34,62294,10
04-17-2020,17:34,62298,22
04-17-2020,17:34,62301,13
04-17-2020,17:34,62305,12
04-17-2020,17:34,62471,10
04-17-2020,17:34,62521,33
04-17-2020,17:34,62526,7
04-17-2020,17:34,62568,21
04-17-2020,17:34,62650,11
04-17-2020,17:34,62702,14
04-17-2020,17:34,62703,6
04-17-2020,17:34,62711,10
04-17-2020,17:34,62801,32
04-17-2020,17:34,62864,8
04-17-2020,17:34,62901,31
04-17-2020,17:34,62959,8
04-16-2020,19:10,60002,28
04-16-2020,19:10,60004,54
04-16-2020,19:10,60005,33
04-16-2020,19:10,60007,48
04-16-2020,19:10,60008,31
04-16-2020,19:10,60010,27
04-16-2020,19:10,60012,16
04-16-2020,19:10,60013,31
04-16-2020,19:10,60014,31
04-16-2020,19:10,60015,67
04-16-2020,19:10,60016,268
04-16-2020,19:10,60018,76
04-16-2020,19:10,60020,9
04-16-2020,19:10,60021,6
04-16-2020,19:10,60022,15
04-16-2020,19:10,60025,131
04-16-2020,19:10,60026,56
04-16-2020,19:10,60030,37
04-16-2020,19:10,60031,67
04-16-2020,19:10,60033,7
04-16-2020,19:10,60035,93
04-16-2020,19:10,60040,9
04-16-2020,19:10,60041,7
04-16-2020,19:10,60042,6
04-16-2020,19:10,60043,13
04-16-2020,19:10,60044,31
04-16-2020,19:10,60045,73
04-16-2020,19:10,60046,47
04-16-2020,19:10,60047,42
04-16-2020,19:10,60048,41
04-16-2020,19:10,60050,32
04-16-2020,19:10,60051,19
04-16-2020,19:10,60053,73
04-16-2020,19:10,60056,95
04-16-2020,19:10,60060,62
04-16-2020,19:10,60061,36
04-16-2020,19:10,60062,81
04-16-2020,19:10,60064,111
04-16-2020,19:10,60067,27
04-16-2020,19:10,60068,93
04-16-2020,19:10,60069,16
04-16-2020,19:10,60070,22
04-16-2020,19:10,60073,125
04-16-2020,19:10,60074,56
04-16-2020,19:10,60076,156
04-16-2020,19:10,60077,122
04-16-2020,19:10,60081,13
04-16-2020,19:10,60083,20
04-16-2020,19:10,60084,44
04-16-2020,19:10,60085,389
04-16-2020,19:10,60087,110
04-16-2020,19:10,60088,16
04-16-2020,19:10,60089,61
04-16-2020,19:10,60090,80
04-16-2020,19:10,60091,64
04-16-2020,19:10,60093,80
04-16-2020,19:10,60096,8
04-16-2020,19:10,60097,7
04-16-2020,19:10,60098,58
04-16-2020,19:10,60099,120
04-16-2020,19:10,60101,99
04-16-2020,19:10,60102,30
04-16-2020,19:10,60103,35
04-16-2020,19:10,60104,147
04-16-2020,19:10,60106,88
04-16-2020,19:10,60107,65
04-16-2020,19:10,60108,31
04-16-2020,19:10,60110,29
04-16-2020,19:10,60115,20
04-16-2020,19:10,60118,13
04-16-2020,19:10,60119,8
04-16-2020,19:10,60120,58
04-16-2020,19:10,60123,59
04-16-2020,19:10,60124,14
04-16-2020,19:10,60126,69
04-16-2020,19:10,60130,46
04-16-2020,19:10,60131,61
04-16-2020,19:10,60133,73
04-16-2020,19:10,60134,15
04-16-2020,19:10,60136,12
04-16-2020,19:10,60137,33
04-16-2020,19:10,60139,70
04-16-2020,19:10,60140,16
04-16-2020,19:10,60142,17
04-16-2020,19:10,60143,14
04-16-2020,19:10,60148,81
04-16-2020,19:10,60153,112
04-16-2020,19:10,60154,66
04-16-2020,19:10,60155,29
04-16-2020,19:10,60156,20
04-16-2020,19:10,60160,87
04-16-2020,19:10,60162,40
04-16-2020,19:10,60163,11
04-16-2020,19:10,60164,63
04-16-2020,19:10,60165,27
04-16-2020,19:10,60169,35
04-16-2020,19:10,60171,29
04-16-2020,19:10,60172,25
04-16-2020,19:10,60173,10
04-16-2020,19:10,60174,20
04-16-2020,19:10,60175,23
04-16-2020,19:10,60176,19
04-16-2020,19:10,60177,16
04-16-2020,19:10,60178,9
04-16-2020,19:10,60181,65
04-16-2020,19:10,60185,53
04-16-2020,19:10,60187,15
04-16-2020,19:10,60188,96
04-16-2020,19:10,60189,28
04-16-2020,19:10,60190,8
04-16-2020,19:10,60191,17
04-16-2020,19:10,60192,13
04-16-2020,19:10,60193,50
04-16-2020,19:10,60194,25
04-16-2020,19:10,60201,99
04-16-2020,19:10,60202,100
04-16-2020,19:10,60203,14
04-16-2020,19:10,60301,10
04-16-2020,19:10,60302,74
04-16-2020,19:10,60304,28
04-16-2020,19:10,60305,14
04-16-2020,19:10,60401,21
04-16-2020,19:10,60402,210
04-16-2020,19:10,60403,55
04-16-2020,19:10,60404,34
04-16-2020,19:10,60406,74
04-16-2020,19:10,60409,173
04-16-2020,19:10,60410,10
04-16-2020,19:10,60411,241
04-16-2020,19:10,60415,53
04-16-2020,19:10,60417,55
04-16-2020,19:10,60418,28
04-16-2020,19:10,60419,116
04-16-2020,19:10,60422,45
04-16-2020,19:10,60423,58
04-16-2020,19:10,60425,44
04-16-2020,19:10,60426,117
04-16-2020,19:10,60428,69
04-16-2020,19:10,60429,85
04-16-2020,19:10,60430,90
04-16-2020,19:10,60431,70
04-16-2020,19:10,60432,45
04-16-2020,19:10,60433,65
04-16-2020,19:10,60434,19
04-16-2020,19:10,60435,190
04-16-2020,19:10,60436,39
04-16-2020,19:10,60438,104
04-16-2020,19:10,60439,35
04-16-2020,19:10,60440,149
04-16-2020,19:10,60441,75
04-16-2020,19:10,60442,16
04-16-2020,19:10,60443,138
04-16-2020,19:10,60445,40
04-16-2020,19:10,60446,98
04-16-2020,19:10,60447,8
04-16-2020,19:10,60448,37
04-16-2020,19:10,60449,27
04-16-2020,19:10,60450,14
04-16-2020,19:10,60451,39
04-16-2020,19:10,60452,56
04-16-2020,19:10,60453,153
04-16-2020,19:10,60455,66
04-16-2020,19:10,60456,12
04-16-2020,19:10,60457,33
04-16-2020,19:10,60458,22
04-16-2020,19:10,60459,72
04-16-2020,19:10,60461,27
04-16-2020,19:10,60462,77
04-16-2020,19:10,60463,41
04-16-2020,19:10,60464,12
04-16-2020,19:10,60465,43
04-16-2020,19:10,60466,188
04-16-2020,19:10,60467,52
04-16-2020,19:10,60468,9
04-16-2020,19:10,60469,15
04-16-2020,19:10,60471,82
04-16-2020,19:10,60472,33
04-16-2020,19:10,60473,147
04-16-2020,19:10,60475,35
04-16-2020,19:10,60477,62
04-16-2020,19:10,60478,101
04-16-2020,19:10,60480,11
04-16-2020,19:10,60481,7
04-16-2020,19:10,60482,22
04-16-2020,19:10,60484,46
04-16-2020,19:10,60487,41
04-16-2020,19:10,60490,57
04-16-2020,19:10,60491,58
04-16-2020,19:10,60501,24
04-16-2020,19:10,60502,22
04-16-2020,19:10,60503,11
04-16-2020,19:10,60504,44
04-16-2020,19:10,60505,73
04-16-2020,19:10,60506,92
04-16-2020,19:10,60510,15
04-16-2020,19:10,60513,46
04-16-2020,19:10,60514,24
04-16-2020,19:10,60515,25
04-16-2020,19:10,60516,28
04-16-2020,19:10,60517,53
04-16-2020,19:10,60521,25
04-16-2020,19:10,60523,27
04-16-2020,19:10,60525,67
04-16-2020,19:10,60526,20
04-16-2020,19:10,60527,125
04-16-2020,19:10,60532,27
04-16-2020,19:10,60534,19
04-16-2020,19:10,60538,18
04-16-2020,19:10,60540,26
04-16-2020,19:10,60542,15
04-16-2020,19:10,60543,38
04-16-2020,19:10,60544,44
04-16-2020,19:10,60545,9
04-16-2020,19:10,60546,44
04-16-2020,19:10,60551,8
04-16-2020,19:10,60554,8
04-16-2020,19:10,60555,14
04-16-2020,19:10,60558,13
04-16-2020,19:10,60559,58
04-16-2020,19:10,60560,17
04-16-2020,19:10,60561,43
04-16-2020,19:10,60563,38
04-16-2020,19:10,60564,48
04-16-2020,19:10,60565,58
04-16-2020,19:10,60585,32
04-16-2020,19:10,60586,84
04-16-2020,19:10,60601,34
04-16-2020,19:10,60605,66
04-16-2020,19:10,60606,16
04-16-2020,19:10,60607,135
04-16-2020,19:10,60608,316
04-16-2020,19:10,60609,218
04-16-2020,19:10,60610,103
04-16-2020,19:10,60611,71
04-16-2020,19:10,60612,252
04-16-2020,19:10,60613,148
04-16-2020,19:10,60614,176
04-16-2020,19:10,60615,157
04-16-2020,19:10,60616,167
04-16-2020,19:10,60617,323
04-16-2020,19:10,60618,235
04-16-2020,19:10,60619,355
04-16-2020,19:10,60620,427
04-16-2020,19:10,60621,170
04-16-2020,19:10,60622,179
04-16-2020,19:10,60623,383
04-16-2020,19:10,60624,257
04-16-2020,19:10,60625,253
04-16-2020,19:10,60626,203
04-16-2020,19:10,60628,346
04-16-2020,19:10,60629,377
04-16-2020,19:10,60630,146
04-16-2020,19:10,60631,86
04-16-2020,19:10,60632,273
04-16-2020,19:10,60633,39
04-16-2020,19:10,60634,278
04-16-2020,19:10,60636,200
04-16-2020,19:10,60637,200
04-16-2020,19:10,60638,190
04-16-2020,19:10,60639,374
04-16-2020,19:10,60640,199
04-16-2020,19:10,60641,207
04-16-2020,19:10,60642,38
04-16-2020,19:10,60643,294
04-16-2020,19:10,60644,308
04-16-2020,19:10,60645,377
04-16-2020,19:10,60646,70
04-16-2020,19:10,60647,176
04-16-2020,19:10,60649,238
04-16-2020,19:10,60651,302
04-16-2020,19:10,60652,180
04-16-2020,19:10,60653,183
04-16-2020,19:10,60654,48
04-16-2020,19:10,60655,117
04-16-2020,19:10,60656,83
04-16-2020,19:10,60657,150
04-16-2020,19:10,60659,209
04-16-2020,19:10,60660,114
04-16-2020,19:10,60661,19
04-16-2020,19:10,60706,70
04-16-2020,19:10,60707,146
04-16-2020,19:10,60712,69
04-16-2020,19:10,60714,114
04-16-2020,19:10,60803,52
04-16-2020,19:10,60804,288
04-16-2020,19:10,60805,66
04-16-2020,19:10,60827,119
04-16-2020,19:10,60901,152
04-16-2020,19:10,60914,47
04-16-2020,19:10,60915,10
04-16-2020,19:10,60950,15
04-16-2020,19:10,60954,9
04-16-2020,19:10,60964,9
04-16-2020,19:10,61008,12
04-16-2020,19:10,61016,6
04-16-2020,19:10,61021,10
04-16-2020,19:10,61032,7
04-16-2020,19:10,61068,15
04-16-2020,19:10,61081,16
04-16-2020,19:10,61101,11
04-16-2020,19:10,61102,13
04-16-2020,19:10,61103,14
04-16-2020,19:10,61104,8
04-16-2020,19:10,61107,8
04-16-2020,19:10,61108,18
04-16-2020,19:10,61109,14
04-16-2020,19:10,61114,9
04-16-2020,19:10,61201,28
04-16-2020,19:10,61241,9
04-16-2020,19:10,61244,54
04-16-2020,19:10,61264,7
04-16-2020,19:10,61265,44
04-16-2020,19:10,61282,12
04-16-2020,19:10,61604,7
04-16-2020,19:10,61611,7
04-16-2020,19:10,61614,9
04-16-2020,19:10,61615,8
04-16-2020,19:10,61701,30
04-16-2020,19:10,61704,16
04-16-2020,19:10,61705,7
04-16-2020,19:10,61761,18
04-16-2020,19:10,61764,9
04-16-2020,19:10,61801,12
04-16-2020,19:10,61802,15
04-16-2020,19:10,61820,6
04-16-2020,19:10,61821,10
04-16-2020,19:10,61822,23
04-16-2020,19:10,61853,7
04-16-2020,19:10,61874,6
04-16-2020,19:10,61910,6
04-16-2020,19:10,62002,25
04-16-2020,19:10,62025,22
04-16-2020,19:10,62034,8
04-16-2020,19:10,62035,8
04-16-2020,19:10,62040,28
04-16-2020,19:10,62052,7
04-16-2020,19:10,62060,6
04-16-2020,19:10,62095,7
04-16-2020,19:10,62201,8
04-16-2020,19:10,62203,9
04-16-2020,19:10,62204,8
04-16-2020,19:10,62205,7
04-16-2020,19:10,62206,20
04-16-2020,19:10,62207,13
04-16-2020,19:10,62208,18
04-16-2020,19:10,62220,13
04-16-2020,19:10,62221,24
04-16-2020,19:10,62223,19
04-16-2020,19:10,62226,34
04-16-2020,19:10,62233,25
04-16-2020,19:10,62234,15
04-16-2020,19:10,62236,26
04-16-2020,19:10,62258,10
04-16-2020,19:10,62265,7
04-16-2020,19:10,62269,20
04-16-2020,19:10,62278,11
04-16-2020,19:10,62294,10
04-16-2020,19:10,62298,22
04-16-2020,19:10,62301,12
04-16-2020,19:10,62305,12
04-16-2020,19:10,62471,10
04-16-2020,19:10,62521,32
04-16-2020,19:10,62526,7
04-16-2020,19:10,62568,20
04-16-2020,19:10,62650,10
04-16-2020,19:10,62702,12
04-16-2020,19:10,62703,6
04-16-2020,19:10,62711,10
04-16-2020,19:10,62801,31
04-16-2020,19:10,62864,7
04-16-2020,19:10,62901,30
04-16-2020,19:10,62959,7
04-15-2020,16:16,60002,28
04-15-2020,16:16,60004,52
04-15-2020,16:16,60005,33
04-15-2020,16:16,60007,47
04-15-2020,16:16,60008,29
04-15-2020,16:16,60010,28
04-15-2020,16:16,60012,15
04-15-2020,16:16,60013,30
04-15-2020,16:16,60014,31
04-15-2020,16:16,60015,66
04-15-2020,16:16,60016,221
04-15-2020,16:16,60018,74
04-15-2020,16:16,60020,8
04-15-2020,16:16,60021,6
04-15-2020,16:16,60022,15
04-15-2020,16:16,60025,130
04-15-2020,16:16,60026,56
04-15-2020,16:16,60030,36
04-15-2020,16:16,60031,65
04-15-2020,16:16,60033,6
04-15-2020,16:16,60035,91
04-15-2020,16:16,60040,9
04-15-2020,16:16,60041,7
04-15-2020,16:16,60042,7
04-15-2020,16:16,60043,13
04-15-2020,16:16,60044,29
04-15-2020,16:16,60045,72
04-15-2020,16:16,60046,46
04-15-2020,16:16,60047,41
04-15-2020,16:16,60048,41
04-15-2020,16:16,60050,29
04-15-2020,16:16,60051,18
04-15-2020,16:16,60053,72
04-15-2020,16:16,60056,92
04-15-2020,16:16,60060,60
04-15-2020,16:16,60061,36
04-15-2020,16:16,60062,81
04-15-2020,16:16,60064,88
04-15-2020,16:16,60067,26
04-15-2020,16:16,60068,92
04-15-2020,16:16,60069,16
04-15-2020,16:16,60070,21
04-15-2020,16:16,60073,122
04-15-2020,16:16,60074,52
04-15-2020,16:16,60076,150
04-15-2020,16:16,60077,123
04-15-2020,16:16,60081,13
04-15-2020,16:16,60083,18
04-15-2020,16:16,60084,44
04-15-2020,16:16,60085,373
04-15-2020,16:16,60087,106
04-15-2020,16:16,60088,21
04-15-2020,16:16,60089,56
04-15-2020,16:16,60090,79
04-15-2020,16:16,60091,64
04-15-2020,16:16,60093,79
04-15-2020,16:16,60096,7
04-15-2020,16:16,60097,6
04-15-2020,16:16,60098,53
04-15-2020,16:16,60099,118
04-15-2020,16:16,60101,94
04-15-2020,16:16,60102,29
04-15-2020,16:16,60103,33
04-15-2020,16:16,60104,141
04-15-2020,16:16,60106,83
04-15-2020,16:16,60107,58
04-15-2020,16:16,60108,29
04-15-2020,16:16,60110,27
04-15-2020,16:16,60115,19
04-15-2020,16:16,60118,10
04-15-2020,16:16,60119,8
04-15-2020,16:16,60120,54
04-15-2020,16:16,60123,56
04-15-2020,16:16,60124,13
04-15-2020,16:16,60126,68
04-15-2020,16:16,60130,46
04-15-2020,16:16,60131,58
04-15-2020,16:16,60133,65
04-15-2020,16:16,60134,14
04-15-2020,16:16,60136,11
04-15-2020,16:16,60137,32
04-15-2020,16:16,60139,64
04-15-2020,16:16,60140,14
04-15-2020,16:16,60142,17
04-15-2020,16:16,60143,13
04-15-2020,16:16,60148,79
04-15-2020,16:16,60153,106
04-15-2020,16:16,60154,64
04-15-2020,16:16,60155,29
04-15-2020,16:16,60156,20
04-15-2020,16:16,60160,84
04-15-2020,16:16,60162,37
04-15-2020,16:16,60163,11
04-15-2020,16:16,60164,58
04-15-2020,16:16,60165,25
04-15-2020,16:16,60169,33
04-15-2020,16:16,60171,29
04-15-2020,16:16,60172,25
04-15-2020,16:16,60173,9
04-15-2020,16:16,60174,20
04-15-2020,16:16,60175,23
04-15-2020,16:16,60176,19
04-15-2020,16:16,60177,14
04-15-2020,16:16,60178,9
04-15-2020,16:16,60181,64
04-15-2020,16:16,60185,48
04-15-2020,16:16,60187,14
04-15-2020,16:16,60188,88
04-15-2020,16:16,60189,28
04-15-2020,16:16,60190,8
04-15-2020,16:16,60191,16
04-15-2020,16:16,60192,13
04-15-2020,16:16,60193,48
04-15-2020,16:16,60194,25
04-15-2020,16:16,60201,98
04-15-2020,16:16,60202,98
04-15-2020,16:16,60203,14
04-15-2020,16:16,60301,10
04-15-2020,16:16,60302,71
04-15-2020,16:16,60304,28
04-15-2020,16:16,60305,15
04-15-2020,16:16,60401,21
04-15-2020,16:16,60402,192
04-15-2020,16:16,60403,51
04-15-2020,16:16,60404,34
04-15-2020,16:16,60406,71
04-15-2020,16:16,60409,163
04-15-2020,16:16,60410,10
04-15-2020,16:16,60411,230
04-15-2020,16:16,60415,46
04-15-2020,16:16,60417,49
04-15-2020,16:16,60418,26
04-15-2020,16:16,60419,114
04-15-2020,16:16,60422,44
04-15-2020,16:16,60423,55
04-15-2020,16:16,60425,43
04-15-2020,16:16,60426,107
04-15-2020,16:16,60428,66
04-15-2020,16:16,60429,81
04-15-2020,16:16,60430,85
04-15-2020,16:16,60431,66
04-15-2020,16:16,60432,43
04-15-2020,16:16,60433,62
04-15-2020,16:16,60434,18
04-15-2020,16:16,60435,179
04-15-2020,16:16,60436,36
04-15-2020,16:16,60438,102
04-15-2020,16:16,60439,34
04-15-2020,16:16,60440,143
04-15-2020,16:16,60441,74
04-15-2020,16:16,60442,16
04-15-2020,16:16,60443,136
04-15-2020,16:16,60445,38
04-15-2020,16:16,60446,91
04-15-2020,16:16,60447,9
04-15-2020,16:16,60448,37
04-15-2020,16:16,60449,26
04-15-2020,16:16,60450,14
04-15-2020,16:16,60451,39
04-15-2020,16:16,60452,51
04-15-2020,16:16,60453,144
04-15-2020,16:16,60455,64
04-15-2020,16:16,60456,11
04-15-2020,16:16,60457,30
04-15-2020,16:16,60458,17
04-15-2020,16:16,60459,67
04-15-2020,16:16,60461,27
04-15-2020,16:16,60462,75
04-15-2020,16:16,60463,38
04-15-2020,16:16,60464,11
04-15-2020,16:16,60465,40
04-15-2020,16:16,60466,184
04-15-2020,16:16,60467,49
04-15-2020,16:16,60468,9
04-15-2020,16:16,60469,13
04-15-2020,16:16,60471,79
04-15-2020,16:16,60472,32
04-15-2020,16:16,60473,139
04-15-2020,16:16,60475,35
04-15-2020,16:16,60477,60
04-15-2020,16:16,60478,96
04-15-2020,16:16,60480,11
04-15-2020,16:16,60481,7
04-15-2020,16:16,60482,20
04-15-2020,16:16,60484,44
04-15-2020,16:16,60487,41
04-15-2020,16:16,60490,52
04-15-2020,16:16,60491,53
04-15-2020,16:16,60501,24
04-15-2020,16:16,60502,22
04-15-2020,16:16,60503,11
04-15-2020,16:16,60504,39
04-15-2020,16:16,60505,71
04-15-2020,16:16,60506,89
04-15-2020,16:16,60510,13
04-15-2020,16:16,60513,46
04-15-2020,16:16,60514,23
04-15-2020,16:16,60515,23
04-15-2020,16:16,60516,28
04-15-2020,16:16,60517,49
04-15-2020,16:16,60521,25
04-15-2020,16:16,60523,26
04-15-2020,16:16,60525,64
04-15-2020,16:16,60526,19
04-15-2020,16:16,60527,119
04-15-2020,16:16,60532,27
04-15-2020,16:16,60534,17
04-15-2020,16:16,60538,17
04-15-2020,16:16,60540,25
04-15-2020,16:16,60542,13
04-15-2020,16:16,60543,38
04-15-2020,16:16,60544,43
04-15-2020,16:16,60545,9
04-15-2020,16:16,60546,39
04-15-2020,16:16,60551,9
04-15-2020,16:16,60554,8
04-15-2020,16:16,60555,13
04-15-2020,16:16,60558,12
04-15-2020,16:16,60559,53
04-15-2020,16:16,60560,18
04-15-2020,16:16,60561,42
04-15-2020,16:16,60563,38
04-15-2020,16:16,60564,47
04-15-2020,16:16,60565,54
04-15-2020,16:16,60585,31
04-15-2020,16:16,60586,82
04-15-2020,16:16,60601,33
04-15-2020,16:16,60605,60
04-15-2020,16:16,60606,15
04-15-2020,16:16,60607,136
04-15-2020,16:16,60608,305
04-15-2020,16:16,60609,199
04-15-2020,16:16,60610,101
04-15-2020,16:16,60611,69
04-15-2020,16:16,60612,242
04-15-2020,16:16,60613,142
04-15-2020,16:16,60614,172
04-15-2020,16:16,60615,151
04-15-2020,16:16,60616,162
04-15-2020,16:16,60617,316
04-15-2020,16:16,60618,225
04-15-2020,16:16,60619,340
04-15-2020,16:16,60620,411
04-15-2020,16:16,60621,162
04-15-2020,16:16,60622,174
04-15-2020,16:16,60623,350
04-15-2020,16:16,60624,249
04-15-2020,16:16,60625,246
04-15-2020,16:16,60626,191
04-15-2020,16:16,60628,330
04-15-2020,16:16,60629,346
04-15-2020,16:16,60630,143
04-15-2020,16:16,60631,83
04-15-2020,16:16,60632,244
04-15-2020,16:16,60633,35
04-15-2020,16:16,60634,266
04-15-2020,16:16,60636,192
04-15-2020,16:16,60637,193
04-15-2020,16:16,60638,178
04-15-2020,16:16,60639,354
04-15-2020,16:16,60640,181
04-15-2020,16:16,60641,200
04-15-2020,16:16,60642,38
04-15-2020,16:16,60643,287
04-15-2020,16:16,60644,298
04-15-2020,16:16,60645,371
04-15-2020,16:16,60646,65
04-15-2020,16:16,60647,167
04-15-2020,16:16,60649,233
04-15-2020,16:16,60651,293
04-15-2020,16:16,60652,177
04-15-2020,16:16,60653,175
04-15-2020,16:16,60654,46
04-15-2020,16:16,60655,112
04-15-2020,16:16,60656,80
04-15-2020,16:16,60657,149
04-15-2020,16:16,60659,204
04-15-2020,16:16,60660,113
04-15-2020,16:16,60661,19
04-15-2020,16:16,60706,64
04-15-2020,16:16,60707,138
04-15-2020,16:16,60712,67
04-15-2020,16:16,60714,112
04-15-2020,16:16,60803,47
04-15-2020,16:16,60804,266
04-15-2020,16:16,60805,62
04-15-2020,16:16,60827,116
04-15-2020,16:16,60901,134
04-15-2020,16:16,60914,43
04-15-2020,16:16,60915,9
04-15-2020,16:16,60950,14
04-15-2020,16:16,60954,8
04-15-2020,16:16,60964,9
04-15-2020,16:16,61008,10
04-15-2020,16:16,61021,10
04-15-2020,16:16,61032,7
04-15-2020,16:16,61068,14
04-15-2020,16:16,61081,15
04-15-2020,16:16,61101,10
04-15-2020,16:16,61102,12
04-15-2020,16:16,61103,11
04-15-2020,16:16,61104,8
04-15-2020,16:16,61107,9
04-15-2020,16:16,61108,16
04-15-2020,16:16,61109,12
04-15-2020,16:16,61114,9
04-15-2020,16:16,61201,26
04-15-2020,16:16,61241,9
04-15-2020,16:16,61244,47
04-15-2020,16:16,61264,7
04-15-2020,16:16,61265,41
04-15-2020,16:16,61282,12
04-15-2020,16:16,61604,7
04-15-2020,16:16,61611,7
04-15-2020,16:16,61614,8
04-15-2020,16:16,61615,8
04-15-2020,16:16,61701,30
04-15-2020,16:16,61704,16
04-15-2020,16:16,61705,7
04-15-2020,16:16,61761,18
04-15-2020,16:16,61764,9
04-15-2020,16:16,61801,12
04-15-2020,16:16,61802,14
04-15-2020,16:16,61820,6
04-15-2020,16:16,61821,10
04-15-2020,16:16,61822,23
04-15-2020,16:16,61853,7
04-15-2020,16:16,61874,6
04-15-2020,16:16,61910,6
04-15-2020,16:16,62002,20
04-15-2020,16:16,62025,18
04-15-2020,16:16,62034,8
04-15-2020,16:16,62035,6
04-15-2020,16:16,62040,27
04-15-2020,16:16,62052,6
04-15-2020,16:16,62060,7
04-15-2020,16:16,62095,8
04-15-2020,16:16,62201,8
04-15-2020,16:16,62203,8
04-15-2020,16:16,62204,7
04-15-2020,16:16,62205,6
04-15-2020,16:16,62206,18
04-15-2020,16:16,62207,13
04-15-2020,16:16,62208,18
04-15-2020,16:16,62220,12
04-15-2020,16:16,62221,23
04-15-2020,16:16,62223,19
04-15-2020,16:16,62226,32
04-15-2020,16:16,62233,25
04-15-2020,16:16,62234,13
04-15-2020,16:16,62236,26
04-15-2020,16:16,62258,10
04-15-2020,16:16,62265,7
04-15-2020,16:16,62269,19
04-15-2020,16:16,62278,11
04-15-2020,16:16,62294,8
04-15-2020,16:16,62298,21
04-15-2020,16:16,62301,12
04-15-2020,16:16,62305,11
04-15-2020,16:16,62471,10
04-15-2020,16:16,62521,31
04-15-2020,16:16,62526,7
04-15-2020,16:16,62568,21
04-15-2020,16:16,62650,9
04-15-2020,16:16,62702,11
04-15-2020,16:16,62711,9
04-15-2020,16:16,62801,31
04-15-2020,16:16,62901,30
04-15-2020,16:16,62959,7
04-14-2020,16:14,60002,27
04-14-2020,16:14,60004,50
04-14-2020,16:14,60005,33
04-14-2020,16:14,60007,45
04-14-2020,16:14,60008,27
04-14-2020,16:14,60010,28
04-14-2020,16:14,60012,15
04-14-2020,16:14,60013,30
04-14-2020,16:14,60014,29
04-14-2020,16:14,60015,64
04-14-2020,16:14,60016,171
04-14-2020,16:14,60018,67
04-14-2020,16:14,60020,8
04-14-2020,16:14,60021,6
04-14-2020,16:14,60022,15
04-14-2020,16:14,60025,127
04-14-2020,16:14,60026,52
04-14-2020,16:14,60030,32
04-14-2020,16:14,60031,65
04-14-2020,16:14,60035,89
04-14-2020,16:14,60040,8
04-14-2020,16:14,60042,7
04-14-2020,16:14,60043,13
04-14-2020,16:14,60044,29
04-14-2020,16:14,60045,70
04-14-2020,16:14,60046,44
04-14-2020,16:14,60047,36
04-14-2020,16:14,60048,41
04-14-2020,16:14,60050,28
04-14-2020,16:14,60051,18
04-14-2020,16:14,60053,67
04-14-2020,16:14,60056,88
04-14-2020,16:14,60060,54
04-14-2020,16:14,60061,36
04-14-2020,16:14,60062,75
04-14-2020,16:14,60064,81
04-14-2020,16:14,60067,24
04-14-2020,16:14,60068,89
04-14-2020,16:14,60069,16
04-14-2020,16:14,60070,19
04-14-2020,16:14,60073,119
04-14-2020,16:14,60074,49
04-14-2020,16:14,60076,144
04-14-2020,16:14,60077,119
04-14-2020,16:14,60081,13
04-14-2020,16:14,60083,18
04-14-2020,16:14,60084,43
04-14-2020,16:14,60085,344
04-14-2020,16:14,60087,101
04-14-2020,16:14,60088,21
04-14-2020,16:14,60089,55
04-14-2020,16:14,60090,74
04-14-2020,16:14,60091,64
04-14-2020,16:14,60093,76
04-14-2020,16:14,60096,6
04-14-2020,16:14,60097,6
04-14-2020,16:14,60098,50
04-14-2020,16:14,60099,104
04-14-2020,16:14,60101,91
04-14-2020,16:14,60102,29
04-14-2020,16:14,60103,33
04-14-2020,16:14,60104,137
04-14-2020,16:14,60106,75
04-14-2020,16:14,60107,58
04-14-2020,16:14,60108,29
04-14-2020,16:14,60110,24
04-14-2020,16:14,60115,19
04-14-2020,16:14,60118,10
04-14-2020,16:14,60119,8
04-14-2020,16:14,60120,53
04-14-2020,16:14,60123,55
04-14-2020,16:14,60124,13
04-14-2020,16:14,60126,65
04-14-2020,16:14,60130,45
04-14-2020,16:14,60131,55
04-14-2020,16:14,60133,61
04-14-2020,16:14,60134,14
04-14-2020,16:14,60136,11
04-14-2020,16:14,60137,31
04-14-2020,16:14,60139,53
04-14-2020,16:14,60140,12
04-14-2020,16:14,60142,17
04-14-2020,16:14,60143,12
04-14-2020,16:14,60148,77
04-14-2020,16:14,60153,99
04-14-2020,16:14,60154,64
04-14-2020,16:14,60155,29
04-14-2020,16:14,60156,19
04-14-2020,16:14,60160,74
04-14-2020,16:14,60162,35
04-14-2020,16:14,60163,10
04-14-2020,16:14,60164,54
04-14-2020,16:14,60165,23
04-14-2020,16:14,60169,29
04-14-2020,16:14,60171,27
04-14-2020,16:14,60172,25
04-14-2020,16:14,60173,9
04-14-2020,16:14,60174,18
04-14-2020,16:14,60175,23
04-14-2020,16:14,60176,18
04-14-2020,16:14,60177,12
04-14-2020,16:14,60178,9
04-14-2020,16:14,60181,63
04-14-2020,16:14,60185,47
04-14-2020,16:14,60187,9
04-14-2020,16:14,60188,82
04-14-2020,16:14,60189,27
04-14-2020,16:14,60190,7
04-14-2020,16:14,60191,16
04-14-2020,16:14,60192,12
04-14-2020,16:14,60193,46
04-14-2020,16:14,60194,24
04-14-2020,16:14,60201,97
04-14-2020,16:14,60202,87
04-14-2020,16:14,60203,14
04-14-2020,16:14,60301,10
04-14-2020,16:14,60302,71
04-14-2020,16:14,60304,26
04-14-2020,16:14,60305,14
04-14-2020,16:14,60401,19
04-14-2020,16:14,60402,183
04-14-2020,16:14,60403,50
04-14-2020,16:14,60404,33
04-14-2020,16:14,60406,67
04-14-2020,16:14,60409,155
04-14-2020,16:14,60410,10
04-14-2020,16:14,60411,221
04-14-2020,16:14,60415,45
04-14-2020,16:14,60417,48
04-14-2020,16:14,60418,26
04-14-2020,16:14,60419,109
04-14-2020,16:14,60422,43
04-14-2020,16:14,60423,55
04-14-2020,16:14,60425,43
04-14-2020,16:14,60426,103
04-14-2020,16:14,60428,65
04-14-2020,16:14,60429,81
04-14-2020,16:14,60430,82
04-14-2020,16:14,60431,64
04-14-2020,16:14,60432,44
04-14-2020,16:14,60433,58
04-14-2020,16:14,60434,18
04-14-2020,16:14,60435,172
04-14-2020,16:14,60436,36
04-14-2020,16:14,60438,96
04-14-2020,16:14,60439,32
04-14-2020,16:14,60440,124
04-14-2020,16:14,60441,72
04-14-2020,16:14,60442,16
04-14-2020,16:14,60443,129
04-14-2020,16:14,60445,34
04-14-2020,16:14,60446,86
04-14-2020,16:14,60447,7
04-14-2020,16:14,60448,35
04-14-2020,16:14,60449,25
04-14-2020,16:14,60450,14
04-14-2020,16:14,60451,36
04-14-2020,16:14,60452,49
04-14-2020,16:14,60453,139
04-14-2020,16:14,60455,63
04-14-2020,16:14,60456,9
04-14-2020,16:14,60457,28
04-14-2020,16:14,60458,17
04-14-2020,16:14,60459,63
04-14-2020,16:14,60461,27
04-14-2020,16:14,60462,73
04-14-2020,16:14,60463,39
04-14-2020,16:14,60464,11
04-14-2020,16:14,60465,37
04-14-2020,16:14,60466,163
04-14-2020,16:14,60467,49
04-14-2020,16:14,60468,9
04-14-2020,16:14,60469,12
04-14-2020,16:14,60471,72
04-14-2020,16:14,60472,32
04-14-2020,16:14,60473,127
04-14-2020,16:14,60475,35
04-14-2020,16:14,60477,55
04-14-2020,16:14,60478,92
04-14-2020,16:14,60480,11
04-14-2020,16:14,60481,7
04-14-2020,16:14,60482,16
04-14-2020,16:14,60484,44
04-14-2020,16:14,60487,39
04-14-2020,16:14,60490,51
04-14-2020,16:14,60491,49
04-14-2020,16:14,60501,22
04-14-2020,16:14,60502,21
04-14-2020,16:14,60503,11
04-14-2020,16:14,60504,36
04-14-2020,16:14,60505,67
04-14-2020,16:14,60506,88
04-14-2020,16:14,60510,12
04-14-2020,16:14,60513,41
04-14-2020,16:14,60514,21
04-14-2020,16:14,60515,22
04-14-2020,16:14,60516,28
04-14-2020,16:14,60517,47
04-14-2020,16:14,60521,23
04-14-2020,16:14,60523,26
04-14-2020,16:14,60525,60
04-14-2020,16:14,60526,18
04-14-2020,16:14,60527,107
04-14-2020,16:14,60532,27
04-14-2020,16:14,60534,17
04-14-2020,16:14,60538,17
04-14-2020,16:14,60540,24
04-14-2020,16:14,60542,14
04-14-2020,16:14,60543,38
04-14-2020,16:14,60544,42
04-14-2020,16:14,60545,9
04-14-2020,16:14,60546,39
04-14-2020,16:14,60551,8
04-14-2020,16:14,60554,8
04-14-2020,16:14,60555,10
04-14-2020,16:14,60558,11
04-14-2020,16:14,60559,51
04-14-2020,16:14,60560,17
04-14-2020,16:14,60561,42
04-14-2020,16:14,60563,35
04-14-2020,16:14,60564,44
04-14-2020,16:14,60565,53
04-14-2020,16:14,60585,29
04-14-2020,16:14,60586,80
04-14-2020,16:14,60601,33
04-14-2020,16:14,60605,58
04-14-2020,16:14,60606,15
04-14-2020,16:14,60607,134
04-14-2020,16:14,60608,276
04-14-2020,16:14,60609,186
04-14-2020,16:14,60610,97
04-14-2020,16:14,60611,65
04-14-2020,16:14,60612,230
04-14-2020,16:14,60613,140
04-14-2020,16:14,60614,167
04-14-2020,16:14,60615,144
04-14-2020,16:14,60616,150
04-14-2020,16:14,60617,301
04-14-2020,16:14,60618,218
04-14-2020,16:14,60619,335
04-14-2020,16:14,60620,396
04-14-2020,16:14,60621,152
04-14-2020,16:14,60622,168
04-14-2020,16:14,60623,315
04-14-2020,16:14,60624,228
04-14-2020,16:14,60625,225
04-14-2020,16:14,60626,173
04-14-2020,16:14,60628,315
04-14-2020,16:14,60629,320
04-14-2020,16:14,60630,132
04-14-2020,16:14,60631,83
04-14-2020,16:14,60632,214
04-14-2020,16:14,60633,33
04-14-2020,16:14,60634,251
04-14-2020,16:14,60636,182
04-14-2020,16:14,60637,185
04-14-2020,16:14,60638,167
04-14-2020,16:14,60639,306
04-14-2020,16:14,60640,172
04-14-2020,16:14,60641,189
04-14-2020,16:14,60642,36
04-14-2020,16:14,60643,276
04-14-2020,16:14,60644,287
04-14-2020,16:14,60645,360
04-14-2020,16:14,60646,65
04-14-2020,16:14,60647,157
04-14-2020,16:14,60649,222
04-14-2020,16:14,60651,277
04-14-2020,16:14,60652,168
04-14-2020,16:14,60653,167
04-14-2020,16:14,60654,46
04-14-2020,16:14,60655,109
04-14-2020,16:14,60656,76
04-14-2020,16:14,60657,148
04-14-2020,16:14,60659,197
04-14-2020,16:14,60660,110
04-14-2020,16:14,60661,18
04-14-2020,16:14,60706,60
04-14-2020,16:14,60707,127
04-14-2020,16:14,60712,64
04-14-2020,16:14,60714,102
04-14-2020,16:14,60803,45
04-14-2020,16:14,60804,255
04-14-2020,16:14,60805,59
04-14-2020,16:14,60827,113
04-14-2020,16:14,60901,130
04-14-2020,16:14,60914,41
04-14-2020,16:14,60915,7
04-14-2020,16:14,60950,16
04-14-2020,16:14,60954,8
04-14-2020,16:14,60964,9
04-14-2020,16:14,61008,7
04-14-2020,16:14,61021,9
04-14-2020,16:14,61032,7
04-14-2020,16:14,61068,14
04-14-2020,16:14,61081,15
04-14-2020,16:14,61101,8
04-14-2020,16:14,61102,11
04-14-2020,16:14,61103,11
04-14-2020,16:14,61104,6
04-14-2020,16:14,61107,7
04-14-2020,16:14,61108,14
04-14-2020,16:14,61109,12
04-14-2020,16:14,61114,7
04-14-2020,16:14,61201,22
04-14-2020,16:14,61241,8
04-14-2020,16:14,61244,37
04-14-2020,16:14,61264,6
04-14-2020,16:14,61265,36
04-14-2020,16:14,61282,9
04-14-2020,16:14,61604,7
04-14-2020,16:14,61611,7
04-14-2020,16:14,61614,7
04-14-2020,16:14,61615,8
04-14-2020,16:14,61701,30
04-14-2020,16:14,61704,16
04-14-2020,16:14,61705,7
04-14-2020,16:14,61761,17
04-14-2020,16:14,61764,9
04-14-2020,16:14,61801,11
04-14-2020,16:14,61802,14
04-14-2020,16:14,61820,6
04-14-2020,16:14,61821,10
04-14-2020,16:14,61822,23
04-14-2020,16:14,61853,7
04-14-2020,16:14,61874,6
04-14-2020,16:14,61910,6
04-14-2020,16:14,62002,20
04-14-2020,16:14,62025,18
04-14-2020,16:14,62034,8
04-14-2020,16:14,62035,6
04-14-2020,16:14,62040,27
04-14-2020,16:14,62060,7
04-14-2020,16:14,62095,6
04-14-2020,16:14,62201,8
04-14-2020,16:14,62203,8
04-14-2020,16:14,62204,7
04-14-2020,16:14,62206,17
04-14-2020,16:14,62207,14
04-14-2020,16:14,62208,18
04-14-2020,16:14,62220,11
04-14-2020,16:14,62221,22
04-14-2020,16:14,62223,18
04-14-2020,16:14,62226,32
04-14-2020,16:14,62233,22
04-14-2020,16:14,62234,13
04-14-2020,16:14,62236,24
04-14-2020,16:14,62258,9
04-14-2020,16:14,62265,7
04-14-2020,16:14,62269,20
04-14-2020,16:14,62278,10
04-14-2020,16:14,62294,7
04-14-2020,16:14,62298,21
04-14-2020,16:14,62301,12
04-14-2020,16:14,62305,11
04-14-2020,16:14,62471,10
04-14-2020,16:14,62521,31
04-14-2020,16:14,62526,8
04-14-2020,16:14,62568,21
04-14-2020,16:14,62650,10
04-14-2020,16:14,62702,12
04-14-2020,16:14,62711,8
04-14-2020,16:14,62801,30
04-14-2020,16:14,62901,27
04-14-2020,16:14,62959,6
04-14-2020,12:50,60002,26
04-14-2020,12:50,60004,88
04-14-2020,12:50,60005,32
04-14-2020,12:50,60007,45
04-14-2020,12:50,60008,25
04-14-2020,12:50,60010,24
04-14-2020,12:50,60012,14
04-14-2020,12:50,60013,29
04-14-2020,12:50,60014,27
04-14-2020,12:50,60015,61
04-14-2020,12:50,60016,160
04-14-2020,12:50,60018,61
04-14-2020,12:50,60020,8
04-14-2020,12:50,60021,6
04-14-2020,12:50,60022,15
04-14-2020,12:50,60025,123
04-14-2020,12:50,60026,51
04-14-2020,12:50,60030,30
04-14-2020,12:50,60031,59
04-14-2020,12:50,60035,83
04-14-2020,12:50,60040,6
04-14-2020,12:50,60042,7
04-14-2020,12:50,60043,13
04-14-2020,12:50,60044,28
04-14-2020,12:50,60045,67
04-14-2020,12:50,60046,41
04-14-2020,12:50,60047,34
04-14-2020,12:50,60048,40
04-14-2020,12:50,60050,26
04-14-2020,12:50,60051,18
04-14-2020,12:50,60053,63
04-14-2020,12:50,60056,80
04-14-2020,12:50,60060,52
04-14-2020,12:50,60061,33
04-14-2020,12:50,60062,75
04-14-2020,12:50,60064,74
04-14-2020,12:50,60067,23
04-14-2020,12:50,60068,85
04-14-2020,12:50,60069,16
04-14-2020,12:50,60070,16
04-14-2020,12:50,60073,113
04-14-2020,12:50,60074,47
04-14-2020,12:50,60076,136
04-14-2020,12:50,60077,116
04-14-2020,12:50,60081,13
04-14-2020,12:50,60083,18
04-14-2020,12:50,60084,38
04-14-2020,12:50,60085,310
04-14-2020,12:50,60087,94
04-14-2020,12:50,60088,17
04-14-2020,12:50,60089,53
04-14-2020,12:50,60090,71
04-14-2020,12:50,60091,63
04-14-2020,12:50,60093,75
04-14-2020,12:50,60098,45
04-14-2020,12:50,60099,95
04-14-2020,12:50,60101,84
04-14-2020,12:50,60102,29
04-14-2020,12:50,60103,32
04-14-2020,12:50,60104,133
04-14-2020,12:50,60106,70
04-14-2020,12:50,60107,56
04-14-2020,12:50,60108,26
04-14-2020,12:50,60110,18
04-14-2020,12:50,60115,19
04-14-2020,12:50,60118,10
04-14-2020,12:50,60119,8
04-14-2020,12:50,60120,51
04-14-2020,12:50,60123,50
04-14-2020,12:50,60124,13
04-14-2020,12:50,60126,59
04-14-2020,12:50,60130,44
04-14-2020,12:50,60131,48
04-14-2020,12:50,60133,56
04-14-2020,12:50,60134,14
04-14-2020,12:50,60136,11
04-14-2020,12:50,60137,31
04-14-2020,12:50,60139,51
04-14-2020,12:50,60140,12
04-14-2020,12:50,60142,17
04-14-2020,12:50,60143,12
04-14-2020,12:50,60148,70
04-14-2020,12:50,60153,96
04-14-2020,12:50,60154,64
04-14-2020,12:50,60155,28
04-14-2020,12:50,60156,19
04-14-2020,12:50,60160,66
04-14-2020,12:50,60162,30
04-14-2020,12:50,60163,10
04-14-2020,12:50,60164,48
04-14-2020,12:50,60165,19
04-14-2020,12:50,60169,28
04-14-2020,12:50,60171,26
04-14-2020,12:50,60172,25
04-14-2020,12:50,60173,8
04-14-2020,12:50,60174,17
04-14-2020,12:50,60175,22
04-14-2020,12:50,60176,18
04-14-2020,12:50,60177,12
04-14-2020,12:50,60178,9
04-14-2020,12:50,60181,60
04-14-2020,12:50,60185,43
04-14-2020,12:50,60187,9
04-14-2020,12:50,60188,72
04-14-2020,12:50,60189,26
04-14-2020,12:50,60191,12
04-14-2020,12:50,60192,11
04-14-2020,12:50,60193,44
04-14-2020,12:50,60194,24
04-14-2020,12:50,60201,94
04-14-2020,12:50,60202,80
04-14-2020,12:50,60203,14
04-14-2020,12:50,60301,10
04-14-2020,12:50,60302,67
04-14-2020,12:50,60304,23
04-14-2020,12:50,60305,11
04-14-2020,12:50,60401,20
04-14-2020,12:50,60402,176
04-14-2020,12:50,60403,48
04-14-2020,12:50,60404,31
04-14-2020,12:50,60406,65
04-14-2020,12:50,60409,151
04-14-2020,12:50,60410,10
04-14-2020,12:50,60411,213
04-14-2020,12:50,60415,40
04-14-2020,12:50,60417,47
04-14-2020,12:50,60418,22
04-14-2020,12:50,60419,107
04-14-2020,12:50,60422,43
04-14-2020,12:50,60423,55
04-14-2020,12:50,60425,43
04-14-2020,12:50,60426,99
04-14-2020,12:50,60428,62
04-14-2020,12:50,60429,81
04-14-2020,12:50,60430,75
04-14-2020,12:50,60431,58
04-14-2020,12:50,60432,43
04-14-2020,12:50,60433,56
04-14-2020,12:50,60434,18
04-14-2020,12:50,60435,162
04-14-2020,12:50,60436,34
04-14-2020,12:50,60438,91
04-14-2020,12:50,60439,32
04-14-2020,12:50,60440,111
04-14-2020,12:50,60441,69
04-14-2020,12:50,60442,16
04-14-2020,12:50,60443,124
04-14-2020,12:50,60445,33
04-14-2020,12:50,60446,82
04-14-2020,12:50,60447,6
04-14-2020,12:50,60448,34
04-14-2020,12:50,60449,23
04-14-2020,12:50,60450,13
04-14-2020,12:50,60451,36
04-14-2020,12:50,60452,45
04-14-2020,12:50,60453,129
04-14-2020,12:50,60455,62
04-14-2020,12:50,60456,8
04-14-2020,12:50,60457,27
04-14-2020,12:50,60458,17
04-14-2020,12:50,60459,59
04-14-2020,12:50,60461,27
04-14-2020,12:50,60462,72
04-14-2020,12:50,60463,37
04-14-2020,12:50,60464,11
04-14-2020,12:50,60465,35
04-14-2020,12:50,60466,156
04-14-2020,12:50,60467,48
04-14-2020,12:50,60468,8
04-14-2020,12:50,60469,11
04-14-2020,12:50,60471,71
04-14-2020,12:50,60472,27
04-14-2020,12:50,60473,122
04-14-2020,12:50,60475,34
04-14-2020,12:50,60477,51
04-14-2020,12:50,60478,90
04-14-2020,12:50,60480,8
04-14-2020,12:50,60482,16
04-14-2020,12:50,60484,41
04-14-2020,12:50,60487,38
04-14-2020,12:50,60490,51
04-14-2020,12:50,60491,47
04-14-2020,12:50,60501,18
04-14-2020,12:50,60502,20
04-14-2020,12:50,60503,10
04-14-2020,12:50,60504,36
04-14-2020,12:50,60505,65
04-14-2020,12:50,60506,84
04-14-2020,12:50,60510,12
04-14-2020,12:50,60513,36
04-14-2020,12:50,60514,21
04-14-2020,12:50,60515,22
04-14-2020,12:50,60516,28
04-14-2020,12:50,60517,43
04-14-2020,12:50,60521,22
04-14-2020,12:50,60523,26
04-14-2020,12:50,60525,57
04-14-2020,12:50,60526,16
04-14-2020,12:50,60527,102
04-14-2020,12:50,60532,27
04-14-2020,12:50,60534,17
04-14-2020,12:50,60538,17
04-14-2020,12:50,60540,21
04-14-2020,12:50,60542,14
04-14-2020,12:50,60543,38
04-14-2020,12:50,60544,40
04-14-2020,12:50,60545,9
04-14-2020,12:50,60546,36
04-14-2020,12:50,60551,8
04-14-2020,12:50,60554,7
04-14-2020,12:50,60555,9
04-14-2020,12:50,60558,11
04-14-2020,12:50,60559,47
04-14-2020,12:50,60560,17
04-14-2020,12:50,60561,41
04-14-2020,12:50,60563,35
04-14-2020,12:50,60564,42
04-14-2020,12:50,60565,51
04-14-2020,12:50,60585,28
04-14-2020,12:50,60586,78
04-14-2020,12:50,60601,33
04-14-2020,12:50,60605,54
04-14-2020,12:50,60606,13
04-14-2020,12:50,60607,91
04-14-2020,12:50,60608,262
04-14-2020,12:50,60609,177
04-14-2020,12:50,60610,94
04-14-2020,12:50,60611,63
04-14-2020,12:50,60612,227
04-14-2020,12:50,60613,136
04-14-2020,12:50,60614,157
04-14-2020,12:50,60615,137
04-14-2020,12:50,60616,142
04-14-2020,12:50,60617,285
04-14-2020,12:50,60618,198
04-14-2020,12:50,60619,318
04-14-2020,12:50,60620,376
04-14-2020,12:50,60621,139
04-14-2020,12:50,60622,163
04-14-2020,12:50,60623,297
04-14-2020,12:50,60624,223
04-14-2020,12:50,60625,203
04-14-2020,12:50,60626,160
04-14-2020,12:50,60628,298
04-14-2020,12:50,60629,284
04-14-2020,12:50,60630,126
04-14-2020,12:50,60631,80
04-14-2020,12:50,60632,193
04-14-2020,12:50,60633,33
04-14-2020,12:50,60634,239
04-14-2020,12:50,60636,176
04-14-2020,12:50,60637,172
04-14-2020,12:50,60638,158
04-14-2020,12:50,60639,276
04-14-2020,12:50,60640,159
04-14-2020,12:50,60641,171
04-14-2020,12:50,60642,35
04-14-2020,12:50,60643,265
04-14-2020,12:50,60644,277
04-14-2020,12:50,60645,339
04-14-2020,12:50,60646,62
04-14-2020,12:50,60647,149
04-14-2020,12:50,60649,210
04-14-2020,12:50,60651,261
04-14-2020,12:50,60652,161
04-14-2020,12:50,60653,159
04-14-2020,12:50,60654,45
04-14-2020,12:50,60655,105
04-14-2020,12:50,60656,69
04-14-2020,12:50,60657,145
04-14-2020,12:50,60659,185
04-14-2020,12:50,60660,108
04-14-2020,12:50,60661,18
04-14-2020,12:50,60706,57
04-14-2020,12:50,60707,118
04-14-2020,12:50,60712,60
04-14-2020,12:50,60714,93
04-14-2020,12:50,60803,42
04-14-2020,12:50,60804,228
04-14-2020,12:50,60805,59
04-14-2020,12:50,60827,105
04-14-2020,12:50,60901,124
04-14-2020,12:50,60914,39
04-14-2020,12:50,60915,7
04-14-2020,12:50,60950,14
04-14-2020,12:50,60954,8
04-14-2020,12:50,60964,9
04-14-2020,12:50,61008,7
04-14-2020,12:50,61021,9
04-14-2020,12:50,61032,6
04-14-2020,12:50,61068,14
04-14-2020,12:50,61081,13
04-14-2020,12:50,61101,8
04-14-2020,12:50,61102,11
04-14-2020,12:50,61103,10
04-14-2020,12:50,61104,6
04-14-2020,12:50,61107,7
04-14-2020,12:50,61108,13
04-14-2020,12:50,61109,12
04-14-2020,12:50,61114,7
04-14-2020,12:50,61201,21
04-14-2020,12:50,61241,8
04-14-2020,12:50,61244,36
04-14-2020,12:50,61264,6
04-14-2020,12:50,61265,32
04-14-2020,12:50,61282,8
04-14-2020,12:50,61611,7
04-14-2020,12:50,61614,7
04-14-2020,12:50,61615,9
04-14-2020,12:50,61701,29
04-14-2020,12:50,61704,15
04-14-2020,12:50,61705,7
04-14-2020,12:50,61761,17
04-14-2020,12:50,61764,9
04-14-2020,12:50,61801,11
04-14-2020,12:50,61802,14
04-14-2020,12:50,61821,11
04-14-2020,12:50,61822,23
04-14-2020,12:50,61853,7
04-14-2020,12:50,61874,6
04-14-2020,12:50,61910,6
04-14-2020,12:50,62002,18
04-14-2020,12:50,62025,16
04-14-2020,12:50,62034,8
04-14-2020,12:50,62035,6
04-14-2020,12:50,62040,24
04-14-2020,12:50,62060,6
04-14-2020,12:50,62201,7
04-14-2020,12:50,62203,7
04-14-2020,12:50,62204,6
04-14-2020,12:50,62206,16
04-14-2020,12:50,62207,9
04-14-2020,12:50,62208,15
04-14-2020,12:50,62220,10
04-14-2020,12:50,62221,21
04-14-2020,12:50,62223,15
04-14-2020,12:50,62226,30
04-14-2020,12:50,62233,22
04-14-2020,12:50,62234,12
04-14-2020,12:50,62236,23
04-14-2020,12:50,62258,9
04-14-2020,12:50,62265,7
04-14-2020,12:50,62269,18
04-14-2020,12:50,62278,8
04-14-2020,12:50,62298,20
04-14-2020,12:50,62301,10
04-14-2020,12:50,62305,11
04-14-2020,12:50,62471,10
04-14-2020,12:50,62521,28
04-14-2020,12:50,62526,7
04-14-2020,12:50,62568,21
04-14-2020,12:50,62650,10
04-14-2020,12:50,62702,11
04-14-2020,12:50,62711,8
04-14-2020,12:50,62801,29
04-14-2020,12:50,62901,27
04-14-2020,12:50,62959,6
04-13-2020,12:00,60002,26
04-13-2020,12:00,60004,88
04-13-2020,12:00,60005,32
04-13-2020,12:00,60007,45
04-13-2020,12:00,60008,25
04-13-2020,12:00,60010,24
04-13-2020,12:00,60012,14
04-13-2020,12:00,60013,29
04-13-2020,12:00,60014,27
04-13-2020,12:00,60015,61
04-13-2020,12:00,60016,160
04-13-2020,12:00,60018,61
04-13-2020,12:00,60020,8
04-13-2020,12:00,60021,6
04-13-2020,12:00,60022,15
04-13-2020,12:00,60025,123
04-13-2020,12:00,60026,51
04-13-2020,12:00,60030,30
04-13-2020,12:00,60031,59
04-13-2020,12:00,60035,83
04-13-2020,12:00,60040,6
04-13-2020,12:00,60042,7
04-13-2020,12:00,60043,13
04-13-2020,12:00,60044,28
04-13-2020,12:00,60045,67
04-13-2020,12:00,60046,41
04-13-2020,12:00,60047,34
04-13-2020,12:00,60048,40
04-13-2020,12:00,60050,26
04-13-2020,12:00,60051,18
04-13-2020,12:00,60053,63
04-13-2020,12:00,60056,80
04-13-2020,12:00,60060,52
04-13-2020,12:00,60061,33
04-13-2020,12:00,60062,75
04-13-2020,12:00,60064,74
04-13-2020,12:00,60067,23
04-13-2020,12:00,60068,85
04-13-2020,12:00,60069,16
04-13-2020,12:00,60070,16
04-13-2020,12:00,60073,113
04-13-2020,12:00,60074,47
04-13-2020,12:00,60076,136
04-13-2020,12:00,60077,116
04-13-2020,12:00,60081,13
04-13-2020,12:00,60083,18
04-13-2020,12:00,60084,38
04-13-2020,12:00,60085,310
04-13-2020,12:00,60087,94
04-13-2020,12:00,60088,17
04-13-2020,12:00,60089,53
04-13-2020,12:00,60090,71
04-13-2020,12:00,60091,63
04-13-2020,12:00,60093,75
04-13-2020,12:00,60098,45
04-13-2020,12:00,60099,95
04-13-2020,12:00,60101,84
04-13-2020,12:00,60102,29
04-13-2020,12:00,60103,32
04-13-2020,12:00,60104,133
04-13-2020,12:00,60106,70
04-13-2020,12:00,60107,56
04-13-2020,12:00,60108,26
04-13-2020,12:00,60110,18
04-13-2020,12:00,60115,19
04-13-2020,12:00,60118,10
04-13-2020,12:00,60119,8
04-13-2020,12:00,60120,51
04-13-2020,12:00,60123,50
04-13-2020,12:00,60124,13
04-13-2020,12:00,60126,59
04-13-2020,12:00,60130,44
04-13-2020,12:00,60131,48
04-13-2020,12:00,60133,56
04-13-2020,12:00,60134,14
04-13-2020,12:00,60136,11
04-13-2020,12:00,60137,31
04-13-2020,12:00,60139,51
04-13-2020,12:00,60140,12
04-13-2020,12:00,60142,17
04-13-2020,12:00,60143,12
04-13-2020,12:00,60148,70
04-13-2020,12:00,60153,96
04-13-2020,12:00,60154,64
04-13-2020,12:00,60155,28
04-13-2020,12:00,60156,19
04-13-2020,12:00,60160,66
04-13-2020,12:00,60162,30
04-13-2020,12:00,60163,10
04-13-2020,12:00,60164,48
04-13-2020,12:00,60165,19
04-13-2020,12:00,60169,28
04-13-2020,12:00,60171,26
04-13-2020,12:00,60172,25
04-13-2020,12:00,60173,8
04-13-2020,12:00,60174,17
04-13-2020,12:00,60175,22
04-13-2020,12:00,60176,18
04-13-2020,12:00,60177,12
04-13-2020,12:00,60178,9
04-13-2020,12:00,60181,60
04-13-2020,12:00,60185,43
04-13-2020,12:00,60187,9
04-13-2020,12:00,60188,72
04-13-2020,12:00,60189,26
04-13-2020,12:00,60191,12
04-13-2020,12:00,60192,11
04-13-2020,12:00,60193,44
04-13-2020,12:00,60194,24
04-13-2020,12:00,60201,94
04-13-2020,12:00,60202,80
04-13-2020,12:00,60203,14
04-13-2020,12:00,60301,10
04-13-2020,12:00,60302,67
04-13-2020,12:00,60304,23
04-13-2020,12:00,60305,11
04-13-2020,12:00,60401,20
04-13-2020,12:00,60402,176
04-13-2020,12:00,60403,48
04-13-2020,12:00,60404,31
04-13-2020,12:00,60406,65
04-13-2020,12:00,60409,151
04-13-2020,12:00,60410,10
04-13-2020,12:00,60411,213
04-13-2020,12:00,60415,40
04-13-2020,12:00,60417,47
04-13-2020,12:00,60418,22
04-13-2020,12:00,60419,107
04-13-2020,12:00,60422,43
04-13-2020,12:00,60423,55
04-13-2020,12:00,60425,43
04-13-2020,12:00,60426,99
04-13-2020,12:00,60428,62
04-13-2020,12:00,60429,81
04-13-2020,12:00,60430,75
04-13-2020,12:00,60431,58
04-13-2020,12:00,60432,43
04-13-2020,12:00,60433,56
04-13-2020,12:00,60434,18
04-13-2020,12:00,60435,162
04-13-2020,12:00,60436,34
04-13-2020,12:00,60438,91
04-13-2020,12:00,60439,32
04-13-2020,12:00,60440,111
04-13-2020,12:00,60441,69
04-13-2020,12:00,60442,16
04-13-2020,12:00,60443,124
04-13-2020,12:00,60445,33
04-13-2020,12:00,60446,82
04-13-2020,12:00,60447,6
04-13-2020,12:00,60448,34
04-13-2020,12:00,60449,23
04-13-2020,12:00,60450,13
04-13-2020,12:00,60451,36
04-13-2020,12:00,60452,45
04-13-2020,12:00,60453,129
04-13-2020,12:00,60455,62
04-13-2020,12:00,60456,8
04-13-2020,12:00,60457,27
04-13-2020,12:00,60458,17
04-13-2020,12:00,60459,59
04-13-2020,12:00,60461,27
04-13-2020,12:00,60462,72
04-13-2020,12:00,60463,37
04-13-2020,12:00,60464,11
04-13-2020,12:00,60465,35
04-13-2020,12:00,60466,156
04-13-2020,12:00,60467,48
04-13-2020,12:00,60468,8
04-13-2020,12:00,60469,11
04-13-2020,12:00,60471,71
04-13-2020,12:00,60472,27
04-13-2020,12:00,60473,122
04-13-2020,12:00,60475,34
04-13-2020,12:00,60477,51
04-13-2020,12:00,60478,90
04-13-2020,12:00,60480,8
04-13-2020,12:00,60482,16
04-13-2020,12:00,60484,41
04-13-2020,12:00,60487,38
04-13-2020,12:00,60490,51
04-13-2020,12:00,60491,47
04-13-2020,12:00,60501,18
04-13-2020,12:00,60502,20
04-13-2020,12:00,60503,10
04-13-2020,12:00,60504,36
04-13-2020,12:00,60505,65
04-13-2020,12:00,60506,84
04-13-2020,12:00,60510,12
04-13-2020,12:00,60513,36
04-13-2020,12:00,60514,21
04-13-2020,12:00,60515,22
04-13-2020,12:00,60516,28
04-13-2020,12:00,60517,43
04-13-2020,12:00,60521,22
04-13-2020,12:00,60523,26
04-13-2020,12:00,60525,57
04-13-2020,12:00,60526,16
04-13-2020,12:00,60527,102
04-13-2020,12:00,60532,27
04-13-2020,12:00,60534,17
04-13-2020,12:00,60538,17
04-13-2020,12:00,60540,21
04-13-2020,12:00,60542,14
04-13-2020,12:00,60543,38
04-13-2020,12:00,60544,40
04-13-2020,12:00,60545,9
04-13-2020,12:00,60546,36
04-13-2020,12:00,60551,8
04-13-2020,12:00,60554,7
04-13-2020,12:00,60555,9
04-13-2020,12:00,60558,11
04-13-2020,12:00,60559,47
04-13-2020,12:00,60560,17
04-13-2020,12:00,60561,41
04-13-2020,12:00,60563,35
04-13-2020,12:00,60564,42
04-13-2020,12:00,60565,51
04-13-2020,12:00,60585,28
04-13-2020,12:00,60586,78
04-13-2020,12:00,60601,33
04-13-2020,12:00,60605,54
04-13-2020,12:00,60606,13
04-13-2020,12:00,60607,91
04-13-2020,12:00,60608,262
04-13-2020,12:00,60609,177
04-13-2020,12:00,60610,94
04-13-2020,12:00,60611,63
04-13-2020,12:00,60612,227
04-13-2020,12:00,60613,136
04-13-2020,12:00,60614,157
04-13-2020,12:00,60615,137
04-13-2020,12:00,60616,142
04-13-2020,12:00,60617,285
04-13-2020,12:00,60618,198
04-13-2020,12:00,60619,318
04-13-2020,12:00,60620,376
04-13-2020,12:00,60621,139
04-13-2020,12:00,60622,163
04-13-2020,12:00,60623,297
04-13-2020,12:00,60624,223
04-13-2020,12:00,60625,203
04-13-2020,12:00,60626,160
04-13-2020,12:00,60628,298
04-13-2020,12:00,60629,284
04-13-2020,12:00,60630,126
04-13-2020,12:00,60631,80
04-13-2020,12:00,60632,193
04-13-2020,12:00,60633,33
04-13-2020,12:00,60634,239
04-13-2020,12:00,60636,176
04-13-2020,12:00,60637,172
04-13-2020,12:00,60638,158
04-13-2020,12:00,60639,276
04-13-2020,12:00,60640,159
04-13-2020,12:00,60641,171
04-13-2020,12:00,60642,35
04-13-2020,12:00,60643,265
04-13-2020,12:00,60644,277
04-13-2020,12:00,60645,339
04-13-2020,12:00,60646,62
04-13-2020,12:00,60647,149
04-13-2020,12:00,60649,210
04-13-2020,12:00,60651,261
04-13-2020,12:00,60652,161
04-13-2020,12:00,60653,159
04-13-2020,12:00,60654,45
04-13-2020,12:00,60655,105
04-13-2020,12:00,60656,69
04-13-2020,12:00,60657,145
04-13-2020,12:00,60659,185
04-13-2020,12:00,60660,108
04-13-2020,12:00,60661,18
04-13-2020,12:00,60706,57
04-13-2020,12:00,60707,118
04-13-2020,12:00,60712,60
04-13-2020,12:00,60714,93
04-13-2020,12:00,60803,42
04-13-2020,12:00,60804,228
04-13-2020,12:00,60805,59
04-13-2020,12:00,60827,105
04-13-2020,12:00,60901,124
04-13-2020,12:00,60914,39
04-13-2020,12:00,60915,7
04-13-2020,12:00,60950,14
04-13-2020,12:00,60954,8
04-13-2020,12:00,60964,9
04-13-2020,12:00,61008,7
04-13-2020,12:00,61021,9
04-13-2020,12:00,61032,6
04-13-2020,12:00,61068,14
04-13-2020,12:00,61081,13
04-13-2020,12:00,61101,8
04-13-2020,12:00,61102,11
04-13-2020,12:00,61103,10
04-13-2020,12:00,61104,6
04-13-2020,12:00,61107,7
04-13-2020,12:00,61108,13
04-13-2020,12:00,61109,12
04-13-2020,12:00,61114,7
04-13-2020,12:00,61201,21
04-13-2020,12:00,61241,8
04-13-2020,12:00,61244,36
04-13-2020,12:00,61264,6
04-13-2020,12:00,61265,32
04-13-2020,12:00,61282,8
04-13-2020,12:00,61611,7
04-13-2020,12:00,61614,7
04-13-2020,12:00,61615,9
04-13-2020,12:00,61701,29
04-13-2020,12:00,61704,15
04-13-2020,12:00,61705,7
04-13-2020,12:00,61761,17
04-13-2020,12:00,61764,9
04-13-2020,12:00,61801,11
04-13-2020,12:00,61802,14
04-13-2020,12:00,61821,11
04-13-2020,12:00,61822,23
04-13-2020,12:00,61853,7
04-13-2020,12:00,61874,6
04-13-2020,12:00,61910,6
04-13-2020,12:00,62002,18
04-13-2020,12:00,62025,16
04-13-2020,12:00,62034,8
04-13-2020,12:00,62035,6
04-13-2020,12:00,62040,24
04-13-2020,12:00,62060,6
04-13-2020,12:00,62201,7
04-13-2020,12:00,62203,7
04-13-2020,12:00,62204,6
04-13-2020,12:00,62206,16
04-13-2020,12:00,62207,9
04-13-2020,12:00,62208,15
04-13-2020,12:00,62220,10
04-13-2020,12:00,62221,21
04-13-2020,12:00,62223,15
04-13-2020,12:00,62226,30
04-13-2020,12:00,62233,22
04-13-2020,12:00,62234,12
04-13-2020,12:00,62236,23
04-13-2020,12:00,62258,9
04-13-2020,12:00,62265,7
04-13-2020,12:00,62269,18
04-13-2020,12:00,62278,8
04-13-2020,12:00,62298,20
04-13-2020,12:00,62301,10
04-13-2020,12:00,62305,11
04-13-2020,12:00,62471,10
04-13-2020,12:00,62521,28
04-13-2020,12:00,62526,7
04-13-2020,12:00,62568,21
04-13-2020,12:00,62650,10
04-13-2020,12:00,62702,11
04-13-2020,12:00,62711,8
04-13-2020,12:00,62801,29
04-13-2020,12:00,62901,27
04-13-2020,12:00,62959,6
04-12-2020,12:00,60002,26
04-12-2020,12:00,60004,89
04-12-2020,12:00,60005,30
04-12-2020,12:00,60007,44
04-12-2020,12:00,60008,23
04-12-2020,12:00,60010,24
04-12-2020,12:00,60012,14
04-12-2020,12:00,60013,29
04-12-2020,12:00,60014,27
04-12-2020,12:00,60015,59
04-12-2020,12:00,60016,152
04-12-2020,12:00,60018,55
04-12-2020,12:00,60020,8
04-12-2020,12:00,60021,6
04-12-2020,12:00,60022,15
04-12-2020,12:00,60025,116
04-12-2020,12:00,60026,47
04-12-2020,12:00,60030,30
04-12-2020,12:00,60031,57
04-12-2020,12:00,60035,83
04-12-2020,12:00,60042,7
04-12-2020,12:00,60043,12
04-12-2020,12:00,60044,28
04-12-2020,12:00,60045,65
04-12-2020,12:00,60046,40
04-12-2020,12:00,60047,33
04-12-2020,12:00,60048,40
04-12-2020,12:00,60050,26
04-12-2020,12:00,60051,16
04-12-2020,12:00,60053,59
04-12-2020,12:00,60056,77
04-12-2020,12:00,60060,45
04-12-2020,12:00,60061,33
04-12-2020,12:00,60062,73
04-12-2020,12:00,60064,66
04-12-2020,12:00,60067,22
04-12-2020,12:00,60068,82
04-12-2020,12:00,60069,15
04-12-2020,12:00,60070,16
04-12-2020,12:00,60073,112
04-12-2020,12:00,60074,45
04-12-2020,12:00,60076,127
04-12-2020,12:00,60077,110
04-12-2020,12:00,60081,13
04-12-2020,12:00,60083,18
04-12-2020,12:00,60084,36
04-12-2020,12:00,60085,286
04-12-2020,12:00,60087,89
04-12-2020,12:00,60088,17
04-12-2020,12:00,60089,52
04-12-2020,12:00,60090,66
04-12-2020,12:00,60091,63
04-12-2020,12:00,60093,75
04-12-2020,12:00,60098,41
04-12-2020,12:00,60099,92
04-12-2020,12:00,60101,75
04-12-2020,12:00,60102,28
04-12-2020,12:00,60103,31
04-12-2020,12:00,60104,127
04-12-2020,12:00,60106,63
04-12-2020,12:00,60107,53
04-12-2020,12:00,60108,22
04-12-2020,12:00,60110,16
04-12-2020,12:00,60115,19
04-12-2020,12:00,60118,10
04-12-2020,12:00,60119,6
04-12-2020,12:00,60120,49
04-12-2020,12:00,60123,49
04-12-2020,12:00,60124,11
04-12-2020,12:00,60126,56
04-12-2020,12:00,60130,44
04-12-2020,12:00,60131,48
04-12-2020,12:00,60133,53
04-12-2020,12:00,60134,14
04-12-2020,12:00,60136,11
04-12-2020,12:00,60137,29
04-12-2020,12:00,60139,51
04-12-2020,12:00,60140,12
04-12-2020,12:00,60142,16
04-12-2020,12:00,60143,12
04-12-2020,12:00,60148,67
04-12-2020,12:00,60153,88
04-12-2020,12:00,60154,60
04-12-2020,12:00,60155,28
04-12-2020,12:00,60156,18
04-12-2020,12:00,60160,62
04-12-2020,12:00,60162,28
04-12-2020,12:00,60163,10
04-12-2020,12:00,60164,44
04-12-2020,12:00,60165,17
04-12-2020,12:00,60169,25
04-12-2020,12:00,60171,24
04-12-2020,12:00,60172,25
04-12-2020,12:00,60173,8
04-12-2020,12:00,60174,17
04-12-2020,12:00,60175,21
04-12-2020,12:00,60176,17
04-12-2020,12:00,60177,12
04-12-2020,12:00,60178,9
04-12-2020,12:00,60181,56
04-12-2020,12:00,60185,43
04-12-2020,12:00,60187,9
04-12-2020,12:00,60188,65
04-12-2020,12:00,60189,26
04-12-2020,12:00,60191,11
04-12-2020,12:00,60192,11
04-12-2020,12:00,60193,42
04-12-2020,12:00,60194,23
04-12-2020,12:00,60201,92
04-12-2020,12:00,60202,80
04-12-2020,12:00,60203,14
04-12-2020,12:00,60301,9
04-12-2020,12:00,60302,66
04-12-2020,12:00,60304,23
04-12-2020,12:00,60305,11
04-12-2020,12:00,60401,20
04-12-2020,12:00,60402,165
04-12-2020,12:00,60403,46
04-12-2020,12:00,60404,29
04-12-2020,12:00,60406,64
04-12-2020,12:00,60409,144
04-12-2020,12:00,60410,10
04-12-2020,12:00,60411,199
04-12-2020,12:00,60415,38
04-12-2020,12:00,60417,47
04-12-2020,12:00,60418,22
04-12-2020,12:00,60419,104
04-12-2020,12:00,60422,41
04-12-2020,12:00,60423,54
04-12-2020,12:00,60425,42
04-12-2020,12:00,60426,91
04-12-2020,12:00,60428,60
04-12-2020,12:00,60429,80
04-12-2020,12:00,60430,74
04-12-2020,12:00,60431,52
04-12-2020,12:00,60432,42
04-12-2020,12:00,60433,55
04-12-2020,12:00,60434,18
04-12-2020,12:00,60435,154
04-12-2020,12:00,60436,30
04-12-2020,12:00,60438,86
04-12-2020,12:00,60439,30
04-12-2020,12:00,60440,106
04-12-2020,12:00,60441,67
04-12-2020,12:00,60442,15
04-12-2020,12:00,60443,121
04-12-2020,12:00,60445,32
04-12-2020,12:00,60446,76
04-12-2020,12:00,60447,6
04-12-2020,12:00,60448,34
04-12-2020,12:00,60449,23
04-12-2020,12:00,60450,13
04-12-2020,12:00,60451,33
04-12-2020,12:00,60452,42
04-12-2020,12:00,60453,117
04-12-2020,12:00,60455,59
04-12-2020,12:00,60456,7
04-12-2020,12:00,60457,25
04-12-2020,12:00,60458,17
04-12-2020,12:00,60459,56
04-12-2020,12:00,60461,26
04-12-2020,12:00,60462,69
04-12-2020,12:00,60463,34
04-12-2020,12:00,60464,12
04-12-2020,12:00,60465,34
04-12-2020,12:00,60466,149
04-12-2020,12:00,60467,47
04-12-2020,12:00,60468,8
04-12-2020,12:00,60469,10
04-12-2020,12:00,60471,69
04-12-2020,12:00,60472,27
04-12-2020,12:00,60473,118
04-12-2020,12:00,60475,34
04-12-2020,12:00,60477,47
04-12-2020,12:00,60478,86
04-12-2020,12:00,60480,8
04-12-2020,12:00,60482,15
04-12-2020,12:00,60484,41
04-12-2020,12:00,60487,36
04-12-2020,12:00,60490,48
04-12-2020,12:00,60491,46
04-12-2020,12:00,60501,16
04-12-2020,12:00,60502,21
04-12-2020,12:00,60503,10
04-12-2020,12:00,60504,34
04-12-2020,12:00,60505,61
04-12-2020,12:00,60506,82
04-12-2020,12:00,60510,11
04-12-2020,12:00,60513,35
04-12-2020,12:00,60514,21
04-12-2020,12:00,60515,20
04-12-2020,12:00,60516,28
04-12-2020,12:00,60517,43
04-12-2020,12:00,60521,21
04-12-2020,12:00,60523,25
04-12-2020,12:00,60525,51
04-12-2020,12:00,60526,16
04-12-2020,12:00,60527,98
04-12-2020,12:00,60532,23
04-12-2020,12:00,60534,15
04-12-2020,12:00,60538,15
04-12-2020,12:00,60540,21
04-12-2020,12:00,60542,13
04-12-2020,12:00,60543,37
04-12-2020,12:00,60544,36
04-12-2020,12:00,60545,9
04-12-2020,12:00,60546,36
04-12-2020,12:00,60551,7
04-12-2020,12:00,60554,7
04-12-2020,12:00,60555,9
04-12-2020,12:00,60558,12
04-12-2020,12:00,60559,45
04-12-2020,12:00,60560,16
04-12-2020,12:00,60561,40
04-12-2020,12:00,60563,36
04-12-2020,12:00,60564,41
04-12-2020,12:00,60565,48
04-12-2020,12:00,60585,24
04-12-2020,12:00,60586,74
04-12-2020,12:00,60601,30
04-12-2020,12:00,60605,52
04-12-2020,12:00,60606,12
04-12-2020,12:00,60607,87
04-12-2020,12:00,60608,231
04-12-2020,12:00,60609,162
04-12-2020,12:00,60610,91
04-12-2020,12:00,60611,64
04-12-2020,12:00,60612,209
04-12-2020,12:00,60613,133
04-12-2020,12:00,60614,151
04-12-2020,12:00,60615,131
04-12-2020,12:00,60616,134
04-12-2020,12:00,60617,269
04-12-2020,12:00,60618,186
04-12-2020,12:00,60619,306
04-12-2020,12:00,60620,359
04-12-2020,12:00,60621,133
04-12-2020,12:00,60622,155
04-12-2020,12:00,60623,268
04-12-2020,12:00,60624,208
04-12-2020,12:00,60625,182
04-12-2020,12:00,60626,141
04-12-2020,12:00,60628,288
04-12-2020,12:00,60629,255
04-12-2020,12:00,60630,117
04-12-2020,12:00,60631,76
04-12-2020,12:00,60632,179
04-12-2020,12:00,60633,31
04-12-2020,12:00,60634,224
04-12-2020,12:00,60636,164
04-12-2020,12:00,60637,169
04-12-2020,12:00,60638,147
04-12-2020,12:00,60639,252
04-12-2020,12:00,60640,149
04-12-2020,12:00,60641,145
04-12-2020,12:00,60642,35
04-12-2020,12:00,60643,246
04-12-2020,12:00,60644,258
04-12-2020,12:00,60645,326
04-12-2020,12:00,60646,59
04-12-2020,12:00,60647,135
04-12-2020,12:00,60649,198
04-12-2020,12:00,60651,242
04-12-2020,12:00,60652,154
04-12-2020,12:00,60653,152
04-12-2020,12:00,60654,44
04-12-2020,12:00,60655,102
04-12-2020,12:00,60656,60
04-12-2020,12:00,60657,141
04-12-2020,12:00,60659,175
04-12-2020,12:00,60660,97
04-12-2020,12:00,60661,18
04-12-2020,12:00,60706,52
04-12-2020,12:00,60707,109
04-12-2020,12:00,60712,55
04-12-2020,12:00,60714,85
04-12-2020,12:00,60803,39
04-12-2020,12:00,60804,210
04-12-2020,12:00,60805,56
04-12-2020,12:00,60827,103
04-12-2020,12:00,60901,121
04-12-2020,12:00,60914,37
04-12-2020,12:00,60915,7
04-12-2020,12:00,60950,14
04-12-2020,12:00,60954,8
04-12-2020,12:00,60964,9
04-12-2020,12:00,61008,7
04-12-2020,12:00,61021,8
04-12-2020,12:00,61032,6
04-12-2020,12:00,61068,6
04-12-2020,12:00,61081,13
04-12-2020,12:00,61101,7
04-12-2020,12:00,61102,10
04-12-2020,12:00,61103,8
04-12-2020,12:00,61104,6
04-12-2020,12:00,61107,7
04-12-2020,12:00,61108,13
04-12-2020,12:00,61109,11
04-12-2020,12:00,61114,7
04-12-2020,12:00,61201,19
04-12-2020,12:00,61241,8
04-12-2020,12:00,61244,31
04-12-2020,12:00,61265,28
04-12-2020,12:00,61282,6
04-12-2020,12:00,61611,7
04-12-2020,12:00,61615,8
04-12-2020,12:00,61701,28
04-12-2020,12:00,61704,14
04-12-2020,12:00,61705,7
04-12-2020,12:00,61761,17
04-12-2020,12:00,61764,9
04-12-2020,12:00,61801,11
04-12-2020,12:00,61802,14
04-12-2020,12:00,61821,10
04-12-2020,12:00,61822,22
04-12-2020,12:00,61853,7
04-12-2020,12:00,61874,6
04-12-2020,12:00,61910,6
04-12-2020,12:00,62002,18
04-12-2020,12:00,62025,16
04-12-2020,12:00,62034,8
04-12-2020,12:00,62035,6
04-12-2020,12:00,62040,21
04-12-2020,12:00,62060,6
04-12-2020,12:00,62201,7
04-12-2020,12:00,62203,6
04-12-2020,12:00,62204,6
04-12-2020,12:00,62206,14
04-12-2020,12:00,62207,8
04-12-2020,12:00,62208,13
04-12-2020,12:00,62220,8
04-12-2020,12:00,62221,19
04-12-2020,12:00,62223,15
04-12-2020,12:00,62226,27
04-12-2020,12:00,62233,21
04-12-2020,12:00,62234,12
04-12-2020,12:00,62236,23
04-12-2020,12:00,62258,9
04-12-2020,12:00,62265,7
04-12-2020,12:00,62269,18
04-12-2020,12:00,62278,8
04-12-2020,12:00,62298,20
04-12-2020,12:00,62301,10
04-12-2020,12:00,62305,11
04-12-2020,12:00,62471,10
04-12-2020,12:00,62521,23
04-12-2020,12:00,62568,21
04-12-2020,12:00,62650,9
04-12-2020,12:00,62702,10
04-12-2020,12:00,62711,7
04-12-2020,12:00,62801,29
04-12-2020,12:00,62901,24
04-12-2020,12:00,62959,6
