update_date,update_time,County,Positive_Cases,Deaths,Tested
04-18-2020,19:45,Illinois,29160,1259,137404
04-18-2020,19:45,Chicago,12007,491,0
04-18-2020,19:45,Adams,31,0,0
04-18-2020,19:45,Alexander,1,0,0
04-18-2020,19:45,Bond,4,1,0
04-18-2020,19:45,Boone,29,2,0
04-18-2020,19:45,Bureau,8,0,0
04-18-2020,19:45,Calhoun,1,0,0
04-18-2020,19:45,Carroll,6,1,0
04-18-2020,19:45,Champaign,93,4,0
04-18-2020,19:45,Christian,25,4,0
04-18-2020,19:45,Clark,4,0,0
04-18-2020,19:45,Clay,1,0,0
04-18-2020,19:45,Clinton,44,0,0
04-18-2020,19:45,Coles,14,0,0
04-18-2020,19:45,Cook,8388,369,0
04-18-2020,19:45,Crawford,5,0,0
04-18-2020,19:45,Cumberland,2,0,0
04-18-2020,19:45,DeKalb,54,1,0
04-18-2020,19:45,De Witt,1,0,0
04-18-2020,19:45,Douglas,12,0,0
04-18-2020,19:45,DuPage,1642,82,0
04-18-2020,19:45,Effingham,4,1,0
04-18-2020,19:45,Fayette,13,1,0
04-18-2020,19:45,Ford,5,1,0
04-18-2020,19:45,Franklin,5,0,0
04-18-2020,19:45,Fulton,1,0,0
04-18-2020,19:45,Gallatin,2,0,0
04-18-2020,19:45,Greene,1,0,0
04-18-2020,19:45,Grundy,26,0,0
04-18-2020,19:45,Hamilton,1,0,0
04-18-2020,19:45,Hancock,3,0,0
04-18-2020,19:45,Henderson,2,0,0
04-18-2020,19:45,Henry,30,0,0
04-18-2020,19:45,Iroquois,12,0,0
04-18-2020,19:45,Jackson,42,4,0
04-18-2020,19:45,Jasper,7,1,0
04-18-2020,19:45,Jefferson,12,0,0
04-18-2020,19:45,Jersey,8,0,0
04-18-2020,19:45,Jo Daviess,12,0,0
04-18-2020,19:45,Johnson,2,0,0
04-18-2020,19:45,Kane,582,29,0
04-18-2020,19:45,Kankakee,272,12,0
04-18-2020,19:45,Kendall,135,3,0
04-18-2020,19:45,Knox,5,0,0
04-18-2020,19:45,Lake,2073,75,0
04-18-2020,19:45,LaSalle,27,1,0
04-18-2020,19:45,Lawrence,2,0,0
04-18-2020,19:45,Lee,17,0,0
04-18-2020,19:45,Livingston,17,0,0
04-18-2020,19:45,Logan,4,0,0
04-18-2020,19:45,McDonough,3,0,0
04-18-2020,19:45,McHenry,340,17,0
04-18-2020,19:45,McLean,83,3,0
04-18-2020,19:45,Macon,55,7,0
04-18-2020,19:45,Macoupin,21,0,0
04-18-2020,19:45,Madison,169,5,0
04-18-2020,19:45,Marion,19,0,0
04-18-2020,19:45,Marshall,3,0,0
04-18-2020,19:45,Mason,4,0,0
04-18-2020,19:45,Massac,3,0,0
04-18-2020,19:45,Menard,3,0,0
04-18-2020,19:45,Mercer,5,0,0
04-18-2020,19:45,Monroe,52,7,0
04-18-2020,19:45,Montgomery,13,1,0
04-18-2020,19:45,Morgan,12,1,0
04-18-2020,19:45,Moultrie,2,0,0
04-18-2020,19:45,Ogle,48,1,0
04-18-2020,19:45,Peoria,37,2,0
04-18-2020,19:45,Perry,1,0,0
04-18-2020,19:45,Piatt,7,0,0
04-18-2020,19:45,Pike,1,0,0
04-18-2020,19:45,Pulaski,9,0,0
04-18-2020,19:45,Randolph,54,1,0
04-18-2020,19:45,Richland,2,0,0
04-18-2020,19:45,Rock Island,187,4,0
04-18-2020,19:45,St. Clair,265,17,0
04-18-2020,19:45,Saline,3,0,0
04-18-2020,19:45,Sangamon,61,3,0
04-18-2020,19:45,Schuyler,1,0,0
04-18-2020,19:45,Shelby,4,0,0
04-18-2020,19:45,Stark,1,0,0
04-18-2020,19:45,Stephenson,12,0,0
04-18-2020,19:45,Tazewell,41,3,0
04-18-2020,19:45,Unassigned,84,3,0
04-18-2020,19:45,Union,5,0,0
04-18-2020,19:45,Vermilion,9,0,0
04-18-2020,19:45,Wabash,1,0,0
04-18-2020,19:45,Warren,4,0,0
04-18-2020,19:45,Washington,6,0,0
04-18-2020,19:45,Wayne,1,0,0
04-18-2020,19:45,Whiteside,36,3,0
04-18-2020,19:45,Will,1603,94,0
04-18-2020,19:45,Williamson,13,0,0
04-18-2020,19:45,Winnebago,172,4,0
04-18-2020,19:45,Woodford,11,0,0
04-18-2020,19:15,Illinois,29160,1259,137404
04-18-2020,19:15,Chicago,12007,491,0
04-18-2020,19:15,Adams,31,0,0
04-18-2020,19:15,Alexander,1,0,0
04-18-2020,19:15,Bond,4,1,0
04-18-2020,19:15,Boone,29,2,0
04-18-2020,19:15,Bureau,8,0,0
04-18-2020,19:15,Calhoun,1,0,0
04-18-2020,19:15,Carroll,6,1,0
04-18-2020,19:15,Champaign,93,4,0
04-18-2020,19:15,Christian,25,4,0
04-18-2020,19:15,Clark,4,0,0
04-18-2020,19:15,Clay,1,0,0
04-18-2020,19:15,Clinton,44,0,0
04-18-2020,19:15,Coles,14,0,0
04-18-2020,19:15,Cook,8388,369,0
04-18-2020,19:15,Crawford,5,0,0
04-18-2020,19:15,Cumberland,2,0,0
04-18-2020,19:15,DeKalb,54,1,0
04-18-2020,19:15,De Witt,1,0,0
04-18-2020,19:15,Douglas,12,0,0
04-18-2020,19:15,DuPage,1642,82,0
04-18-2020,19:15,Effingham,4,1,0
04-18-2020,19:15,Fayette,13,1,0
04-18-2020,19:15,Ford,5,1,0
04-18-2020,19:15,Franklin,5,0,0
04-18-2020,19:15,Fulton,1,0,0
04-18-2020,19:15,Gallatin,2,0,0
04-18-2020,19:15,Greene,1,0,0
04-18-2020,19:15,Grundy,26,0,0
04-18-2020,19:15,Hamilton,1,0,0
04-18-2020,19:15,Hancock,3,0,0
04-18-2020,19:15,Henderson,2,0,0
04-18-2020,19:15,Henry,30,0,0
04-18-2020,19:15,Iroquois,12,0,0
04-18-2020,19:15,Jackson,42,4,0
04-18-2020,19:15,Jasper,7,1,0
04-18-2020,19:15,Jefferson,12,0,0
04-18-2020,19:15,Jersey,8,0,0
04-18-2020,19:15,Jo Daviess,12,0,0
04-18-2020,19:15,Johnson,2,0,0
04-18-2020,19:15,Kane,582,29,0
04-18-2020,19:15,Kankakee,272,12,0
04-18-2020,19:15,Kendall,135,3,0
04-18-2020,19:15,Knox,5,0,0
04-18-2020,19:15,Lake,2073,75,0
04-18-2020,19:15,LaSalle,27,1,0
04-18-2020,19:15,Lawrence,2,0,0
04-18-2020,19:15,Lee,17,0,0
04-18-2020,19:15,Livingston,17,0,0
04-18-2020,19:15,Logan,4,0,0
04-18-2020,19:15,McDonough,3,0,0
04-18-2020,19:15,McHenry,340,17,0
04-18-2020,19:15,McLean,83,3,0
04-18-2020,19:15,Macon,55,7,0
04-18-2020,19:15,Macoupin,21,0,0
04-18-2020,19:15,Madison,169,5,0
04-18-2020,19:15,Marion,19,0,0
04-18-2020,19:15,Marshall,3,0,0
04-18-2020,19:15,Mason,4,0,0
04-18-2020,19:15,Massac,3,0,0
04-18-2020,19:15,Menard,3,0,0
04-18-2020,19:15,Mercer,5,0,0
04-18-2020,19:15,Monroe,52,7,0
04-18-2020,19:15,Montgomery,13,1,0
04-18-2020,19:15,Morgan,12,1,0
04-18-2020,19:15,Moultrie,2,0,0
04-18-2020,19:15,Ogle,48,1,0
04-18-2020,19:15,Peoria,37,2,0
04-18-2020,19:15,Perry,1,0,0
04-18-2020,19:15,Piatt,7,0,0
04-18-2020,19:15,Pike,1,0,0
04-18-2020,19:15,Pulaski,9,0,0
04-18-2020,19:15,Randolph,54,1,0
04-18-2020,19:15,Richland,2,0,0
04-18-2020,19:15,Rock Island,187,4,0
04-18-2020,19:15,St. Clair,265,17,0
04-18-2020,19:15,Saline,3,0,0
04-18-2020,19:15,Sangamon,61,3,0
04-18-2020,19:15,Schuyler,1,0,0
04-18-2020,19:15,Shelby,4,0,0
04-18-2020,19:15,Stark,1,0,0
04-18-2020,19:15,Stephenson,12,0,0
04-18-2020,19:15,Tazewell,41,3,0
04-18-2020,19:15,Unassigned,84,3,0
04-18-2020,19:15,Union,5,0,0
04-18-2020,19:15,Vermilion,9,0,0
04-18-2020,19:15,Wabash,1,0,0
04-18-2020,19:15,Warren,4,0,0
04-18-2020,19:15,Washington,6,0,0
04-18-2020,19:15,Wayne,1,0,0
04-18-2020,19:15,Whiteside,36,3,0
04-18-2020,19:15,Will,1603,94,0
04-18-2020,19:15,Williamson,13,0,0
04-18-2020,19:15,Winnebago,172,4,0
04-18-2020,19:15,Woodford,11,0,0
04-18-2020,18:15,Illinois,29160,1259,137404
04-18-2020,18:15,Chicago,12007,491,0
04-18-2020,18:15,Adams,31,0,0
04-18-2020,18:15,Alexander,1,0,0
04-18-2020,18:15,Bond,4,1,0
04-18-2020,18:15,Boone,29,2,0
04-18-2020,18:15,Bureau,8,0,0
04-18-2020,18:15,Calhoun,1,0,0
04-18-2020,18:15,Carroll,6,1,0
04-18-2020,18:15,Champaign,93,4,0
04-18-2020,18:15,Christian,25,4,0
04-18-2020,18:15,Clark,4,0,0
04-18-2020,18:15,Clay,1,0,0
04-18-2020,18:15,Clinton,44,0,0
04-18-2020,18:15,Coles,14,0,0
04-18-2020,18:15,Cook,8388,369,0
04-18-2020,18:15,Crawford,5,0,0
04-18-2020,18:15,Cumberland,2,0,0
04-18-2020,18:15,DeKalb,54,1,0
04-18-2020,18:15,De Witt,1,0,0
04-18-2020,18:15,Douglas,12,0,0
04-18-2020,18:15,DuPage,1642,82,0
04-18-2020,18:15,Effingham,4,1,0
04-18-2020,18:15,Fayette,13,1,0
04-18-2020,18:15,Ford,5,1,0
04-18-2020,18:15,Franklin,5,0,0
04-18-2020,18:15,Fulton,1,0,0
04-18-2020,18:15,Gallatin,2,0,0
04-18-2020,18:15,Greene,1,0,0
04-18-2020,18:15,Grundy,26,0,0
04-18-2020,18:15,Hamilton,1,0,0
04-18-2020,18:15,Hancock,3,0,0
04-18-2020,18:15,Henderson,2,0,0
04-18-2020,18:15,Henry,30,0,0
04-18-2020,18:15,Iroquois,12,0,0
04-18-2020,18:15,Jackson,42,4,0
04-18-2020,18:15,Jasper,7,1,0
04-18-2020,18:15,Jefferson,12,0,0
04-18-2020,18:15,Jersey,8,0,0
04-18-2020,18:15,Jo Daviess,12,0,0
04-18-2020,18:15,Johnson,2,0,0
04-18-2020,18:15,Kane,582,29,0
04-18-2020,18:15,Kankakee,272,12,0
04-18-2020,18:15,Kendall,135,3,0
04-18-2020,18:15,Knox,5,0,0
04-18-2020,18:15,Lake,2073,75,0
04-18-2020,18:15,LaSalle,27,1,0
04-18-2020,18:15,Lawrence,2,0,0
04-18-2020,18:15,Lee,17,0,0
04-18-2020,18:15,Livingston,17,0,0
04-18-2020,18:15,Logan,4,0,0
04-18-2020,18:15,McDonough,3,0,0
04-18-2020,18:15,McHenry,340,17,0
04-18-2020,18:15,McLean,83,3,0
04-18-2020,18:15,Macon,55,7,0
04-18-2020,18:15,Macoupin,21,0,0
04-18-2020,18:15,Madison,169,5,0
04-18-2020,18:15,Marion,19,0,0
04-18-2020,18:15,Marshall,3,0,0
04-18-2020,18:15,Mason,4,0,0
04-18-2020,18:15,Massac,3,0,0
04-18-2020,18:15,Menard,3,0,0
04-18-2020,18:15,Mercer,5,0,0
04-18-2020,18:15,Monroe,52,7,0
04-18-2020,18:15,Montgomery,13,1,0
04-18-2020,18:15,Morgan,12,1,0
04-18-2020,18:15,Moultrie,2,0,0
04-18-2020,18:15,Ogle,48,1,0
04-18-2020,18:15,Peoria,37,2,0
04-18-2020,18:15,Perry,1,0,0
04-18-2020,18:15,Piatt,7,0,0
04-18-2020,18:15,Pike,1,0,0
04-18-2020,18:15,Pulaski,9,0,0
04-18-2020,18:15,Randolph,54,1,0
04-18-2020,18:15,Richland,2,0,0
04-18-2020,18:15,Rock Island,187,4,0
04-18-2020,18:15,St. Clair,265,17,0
04-18-2020,18:15,Saline,3,0,0
04-18-2020,18:15,Sangamon,61,3,0
04-18-2020,18:15,Schuyler,1,0,0
04-18-2020,18:15,Shelby,4,0,0
04-18-2020,18:15,Stark,1,0,0
04-18-2020,18:15,Stephenson,12,0,0
04-18-2020,18:15,Tazewell,41,3,0
04-18-2020,18:15,Unassigned,84,3,0
04-18-2020,18:15,Union,5,0,0
04-18-2020,18:15,Vermilion,9,0,0
04-18-2020,18:15,Wabash,1,0,0
04-18-2020,18:15,Warren,4,0,0
04-18-2020,18:15,Washington,6,0,0
04-18-2020,18:15,Wayne,1,0,0
04-18-2020,18:15,Whiteside,36,3,0
04-18-2020,18:15,Will,1603,94,0
04-18-2020,18:15,Williamson,13,0,0
04-18-2020,18:15,Winnebago,172,4,0
04-18-2020,18:15,Woodford,11,0,0
04-18-2020,17:45,Illinois,29160,1259,137404
04-18-2020,17:45,Chicago,12007,491,0
04-18-2020,17:45,Adams,31,0,0
04-18-2020,17:45,Alexander,1,0,0
04-18-2020,17:45,Bond,4,1,0
04-18-2020,17:45,Boone,29,2,0
04-18-2020,17:45,Bureau,8,0,0
04-18-2020,17:45,Calhoun,1,0,0
04-18-2020,17:45,Carroll,6,1,0
04-18-2020,17:45,Champaign,93,4,0
04-18-2020,17:45,Christian,25,4,0
04-18-2020,17:45,Clark,4,0,0
04-18-2020,17:45,Clay,1,0,0
04-18-2020,17:45,Clinton,44,0,0
04-18-2020,17:45,Coles,14,0,0
04-18-2020,17:45,Cook,8388,369,0
04-18-2020,17:45,Crawford,5,0,0
04-18-2020,17:45,Cumberland,2,0,0
04-18-2020,17:45,DeKalb,54,1,0
04-18-2020,17:45,De Witt,1,0,0
04-18-2020,17:45,Douglas,12,0,0
04-18-2020,17:45,DuPage,1642,82,0
04-18-2020,17:45,Effingham,4,1,0
04-18-2020,17:45,Fayette,13,1,0
04-18-2020,17:45,Ford,5,1,0
04-18-2020,17:45,Franklin,5,0,0
04-18-2020,17:45,Fulton,1,0,0
04-18-2020,17:45,Gallatin,2,0,0
04-18-2020,17:45,Greene,1,0,0
04-18-2020,17:45,Grundy,26,0,0
04-18-2020,17:45,Hamilton,1,0,0
04-18-2020,17:45,Hancock,3,0,0
04-18-2020,17:45,Henderson,2,0,0
04-18-2020,17:45,Henry,30,0,0
04-18-2020,17:45,Iroquois,12,0,0
04-18-2020,17:45,Jackson,42,4,0
04-18-2020,17:45,Jasper,7,1,0
04-18-2020,17:45,Jefferson,12,0,0
04-18-2020,17:45,Jersey,8,0,0
04-18-2020,17:45,Jo Daviess,12,0,0
04-18-2020,17:45,Johnson,2,0,0
04-18-2020,17:45,Kane,582,29,0
04-18-2020,17:45,Kankakee,272,12,0
04-18-2020,17:45,Kendall,135,3,0
04-18-2020,17:45,Knox,5,0,0
04-18-2020,17:45,Lake,2073,75,0
04-18-2020,17:45,LaSalle,27,1,0
04-18-2020,17:45,Lawrence,2,0,0
04-18-2020,17:45,Lee,17,0,0
04-18-2020,17:45,Livingston,17,0,0
04-18-2020,17:45,Logan,4,0,0
04-18-2020,17:45,McDonough,3,0,0
04-18-2020,17:45,McHenry,340,17,0
04-18-2020,17:45,McLean,83,3,0
04-18-2020,17:45,Macon,55,7,0
04-18-2020,17:45,Macoupin,21,0,0
04-18-2020,17:45,Madison,169,5,0
04-18-2020,17:45,Marion,19,0,0
04-18-2020,17:45,Marshall,3,0,0
04-18-2020,17:45,Mason,4,0,0
04-18-2020,17:45,Massac,3,0,0
04-18-2020,17:45,Menard,3,0,0
04-18-2020,17:45,Mercer,5,0,0
04-18-2020,17:45,Monroe,52,7,0
04-18-2020,17:45,Montgomery,13,1,0
04-18-2020,17:45,Morgan,12,1,0
04-18-2020,17:45,Moultrie,2,0,0
04-18-2020,17:45,Ogle,48,1,0
04-18-2020,17:45,Peoria,37,2,0
04-18-2020,17:45,Perry,1,0,0
04-18-2020,17:45,Piatt,7,0,0
04-18-2020,17:45,Pike,1,0,0
04-18-2020,17:45,Pulaski,9,0,0
04-18-2020,17:45,Randolph,54,1,0
04-18-2020,17:45,Richland,2,0,0
04-18-2020,17:45,Rock Island,187,4,0
04-18-2020,17:45,St. Clair,265,17,0
04-18-2020,17:45,Saline,3,0,0
04-18-2020,17:45,Sangamon,61,3,0
04-18-2020,17:45,Schuyler,1,0,0
04-18-2020,17:45,Shelby,4,0,0
04-18-2020,17:45,Stark,1,0,0
04-18-2020,17:45,Stephenson,12,0,0
04-18-2020,17:45,Tazewell,41,3,0
04-18-2020,17:45,Unassigned,84,3,0
04-18-2020,17:45,Union,5,0,0
04-18-2020,17:45,Vermilion,9,0,0
04-18-2020,17:45,Wabash,1,0,0
04-18-2020,17:45,Warren,4,0,0
04-18-2020,17:45,Washington,6,0,0
04-18-2020,17:45,Wayne,1,0,0
04-18-2020,17:45,Whiteside,36,3,0
04-18-2020,17:45,Will,1603,94,0
04-18-2020,17:45,Williamson,13,0,0
04-18-2020,17:45,Winnebago,172,4,0
04-18-2020,17:45,Woodford,11,0,0
04-18-2020,17:15,Illinois,29160,1259,137404
04-18-2020,17:15,Chicago,12007,491,0
04-18-2020,17:15,Adams,31,0,0
04-18-2020,17:15,Alexander,1,0,0
04-18-2020,17:15,Bond,4,1,0
04-18-2020,17:15,Boone,29,2,0
04-18-2020,17:15,Bureau,8,0,0
04-18-2020,17:15,Calhoun,1,0,0
04-18-2020,17:15,Carroll,6,1,0
04-18-2020,17:15,Champaign,93,4,0
04-18-2020,17:15,Christian,25,4,0
04-18-2020,17:15,Clark,4,0,0
04-18-2020,17:15,Clay,1,0,0
04-18-2020,17:15,Clinton,44,0,0
04-18-2020,17:15,Coles,14,0,0
04-18-2020,17:15,Cook,8388,369,0
04-18-2020,17:15,Crawford,5,0,0
04-18-2020,17:15,Cumberland,2,0,0
04-18-2020,17:15,DeKalb,54,1,0
04-18-2020,17:15,De Witt,1,0,0
04-18-2020,17:15,Douglas,12,0,0
04-18-2020,17:15,DuPage,1642,82,0
04-18-2020,17:15,Effingham,4,1,0
04-18-2020,17:15,Fayette,13,1,0
04-18-2020,17:15,Ford,5,1,0
04-18-2020,17:15,Franklin,5,0,0
04-18-2020,17:15,Fulton,1,0,0
04-18-2020,17:15,Gallatin,2,0,0
04-18-2020,17:15,Greene,1,0,0
04-18-2020,17:15,Grundy,26,0,0
04-18-2020,17:15,Hamilton,1,0,0
04-18-2020,17:15,Hancock,3,0,0
04-18-2020,17:15,Henderson,2,0,0
04-18-2020,17:15,Henry,30,0,0
04-18-2020,17:15,Iroquois,12,0,0
04-18-2020,17:15,Jackson,42,4,0
04-18-2020,17:15,Jasper,7,1,0
04-18-2020,17:15,Jefferson,12,0,0
04-18-2020,17:15,Jersey,8,0,0
04-18-2020,17:15,Jo Daviess,12,0,0
04-18-2020,17:15,Johnson,2,0,0
04-18-2020,17:15,Kane,582,29,0
04-18-2020,17:15,Kankakee,272,12,0
04-18-2020,17:15,Kendall,135,3,0
04-18-2020,17:15,Knox,5,0,0
04-18-2020,17:15,Lake,2073,75,0
04-18-2020,17:15,LaSalle,27,1,0
04-18-2020,17:15,Lawrence,2,0,0
04-18-2020,17:15,Lee,17,0,0
04-18-2020,17:15,Livingston,17,0,0
04-18-2020,17:15,Logan,4,0,0
04-18-2020,17:15,McDonough,3,0,0
04-18-2020,17:15,McHenry,340,17,0
04-18-2020,17:15,McLean,83,3,0
04-18-2020,17:15,Macon,55,7,0
04-18-2020,17:15,Macoupin,21,0,0
04-18-2020,17:15,Madison,169,5,0
04-18-2020,17:15,Marion,19,0,0
04-18-2020,17:15,Marshall,3,0,0
04-18-2020,17:15,Mason,4,0,0
04-18-2020,17:15,Massac,3,0,0
04-18-2020,17:15,Menard,3,0,0
04-18-2020,17:15,Mercer,5,0,0
04-18-2020,17:15,Monroe,52,7,0
04-18-2020,17:15,Montgomery,13,1,0
04-18-2020,17:15,Morgan,12,1,0
04-18-2020,17:15,Moultrie,2,0,0
04-18-2020,17:15,Ogle,48,1,0
04-18-2020,17:15,Peoria,37,2,0
04-18-2020,17:15,Perry,1,0,0
04-18-2020,17:15,Piatt,7,0,0
04-18-2020,17:15,Pike,1,0,0
04-18-2020,17:15,Pulaski,9,0,0
04-18-2020,17:15,Randolph,54,1,0
04-18-2020,17:15,Richland,2,0,0
04-18-2020,17:15,Rock Island,187,4,0
04-18-2020,17:15,St. Clair,265,17,0
04-18-2020,17:15,Saline,3,0,0
04-18-2020,17:15,Sangamon,61,3,0
04-18-2020,17:15,Schuyler,1,0,0
04-18-2020,17:15,Shelby,4,0,0
04-18-2020,17:15,Stark,1,0,0
04-18-2020,17:15,Stephenson,12,0,0
04-18-2020,17:15,Tazewell,41,3,0
04-18-2020,17:15,Unassigned,84,3,0
04-18-2020,17:15,Union,5,0,0
04-18-2020,17:15,Vermilion,9,0,0
04-18-2020,17:15,Wabash,1,0,0
04-18-2020,17:15,Warren,4,0,0
04-18-2020,17:15,Washington,6,0,0
04-18-2020,17:15,Wayne,1,0,0
04-18-2020,17:15,Whiteside,36,3,0
04-18-2020,17:15,Will,1603,94,0
04-18-2020,17:15,Williamson,13,0,0
04-18-2020,17:15,Winnebago,172,4,0
04-18-2020,17:15,Woodford,11,0,0
04-18-2020,15:50,Illinois,29160,1259,137404
04-18-2020,15:50,Chicago,12007,491,0
04-18-2020,15:50,Adams,31,0,0
04-18-2020,15:50,Alexander,1,0,0
04-18-2020,15:50,Bond,4,1,0
04-18-2020,15:50,Boone,29,2,0
04-18-2020,15:50,Bureau,8,0,0
04-18-2020,15:50,Calhoun,1,0,0
04-18-2020,15:50,Carroll,6,1,0
04-18-2020,15:50,Champaign,93,4,0
04-18-2020,15:50,Christian,25,4,0
04-18-2020,15:50,Clark,4,0,0
04-18-2020,15:50,Clay,1,0,0
04-18-2020,15:50,Clinton,44,0,0
04-18-2020,15:50,Coles,14,0,0
04-18-2020,15:50,Cook,8388,369,0
04-18-2020,15:50,Crawford,5,0,0
04-18-2020,15:50,Cumberland,2,0,0
04-18-2020,15:50,DeKalb,54,1,0
04-18-2020,15:50,De Witt,1,0,0
04-18-2020,15:50,Douglas,12,0,0
04-18-2020,15:50,DuPage,1642,82,0
04-18-2020,15:50,Effingham,4,1,0
04-18-2020,15:50,Fayette,13,1,0
04-18-2020,15:50,Ford,5,1,0
04-18-2020,15:50,Franklin,5,0,0
04-18-2020,15:50,Fulton,1,0,0
04-18-2020,15:50,Gallatin,2,0,0
04-18-2020,15:50,Greene,1,0,0
04-18-2020,15:50,Grundy,26,0,0
04-18-2020,15:50,Hamilton,1,0,0
04-18-2020,15:50,Hancock,3,0,0
04-18-2020,15:50,Henderson,2,0,0
04-18-2020,15:50,Henry,30,0,0
04-18-2020,15:50,Iroquois,12,0,0
04-18-2020,15:50,Jackson,42,4,0
04-18-2020,15:50,Jasper,7,1,0
04-18-2020,15:50,Jefferson,12,0,0
04-18-2020,15:50,Jersey,8,0,0
04-18-2020,15:50,Jo Daviess,12,0,0
04-18-2020,15:50,Johnson,2,0,0
04-18-2020,15:50,Kane,582,29,0
04-18-2020,15:50,Kankakee,272,12,0
04-18-2020,15:50,Kendall,135,3,0
04-18-2020,15:50,Knox,5,0,0
04-18-2020,15:50,Lake,2073,75,0
04-18-2020,15:50,LaSalle,27,1,0
04-18-2020,15:50,Lawrence,2,0,0
04-18-2020,15:50,Lee,17,0,0
04-18-2020,15:50,Livingston,17,0,0
04-18-2020,15:50,Logan,4,0,0
04-18-2020,15:50,McDonough,3,0,0
04-18-2020,15:50,McHenry,340,17,0
04-18-2020,15:50,McLean,83,3,0
04-18-2020,15:50,Macon,55,7,0
04-18-2020,15:50,Macoupin,21,0,0
04-18-2020,15:50,Madison,169,5,0
04-18-2020,15:50,Marion,19,0,0
04-18-2020,15:50,Marshall,3,0,0
04-18-2020,15:50,Mason,4,0,0
04-18-2020,15:50,Massac,3,0,0
04-18-2020,15:50,Menard,3,0,0
04-18-2020,15:50,Mercer,5,0,0
04-18-2020,15:50,Monroe,52,7,0
04-18-2020,15:50,Montgomery,13,1,0
04-18-2020,15:50,Morgan,12,1,0
04-18-2020,15:50,Moultrie,2,0,0
04-18-2020,15:50,Ogle,48,1,0
04-18-2020,15:50,Peoria,37,2,0
04-18-2020,15:50,Perry,1,0,0
04-18-2020,15:50,Piatt,7,0,0
04-18-2020,15:50,Pike,1,0,0
04-18-2020,15:50,Pulaski,9,0,0
04-18-2020,15:50,Randolph,54,1,0
04-18-2020,15:50,Richland,2,0,0
04-18-2020,15:50,Rock Island,187,4,0
04-18-2020,15:50,St. Clair,265,17,0
04-18-2020,15:50,Saline,3,0,0
04-18-2020,15:50,Sangamon,61,3,0
04-18-2020,15:50,Schuyler,1,0,0
04-18-2020,15:50,Shelby,4,0,0
04-18-2020,15:50,Stark,1,0,0
04-18-2020,15:50,Stephenson,12,0,0
04-18-2020,15:50,Tazewell,41,3,0
04-18-2020,15:50,Unassigned,84,3,0
04-18-2020,15:50,Union,5,0,0
04-18-2020,15:50,Vermilion,9,0,0
04-18-2020,15:50,Wabash,1,0,0
04-18-2020,15:50,Warren,4,0,0
04-18-2020,15:50,Washington,6,0,0
04-18-2020,15:50,Wayne,1,0,0
04-18-2020,15:50,Whiteside,36,3,0
04-18-2020,15:50,Will,1603,94,0
04-18-2020,15:50,Williamson,13,0,0
04-18-2020,15:50,Winnebago,172,4,0
04-18-2020,15:50,Woodford,11,0,0
04-17-2020,20:59,Illinois,27575,1134,
04-17-2020,20:59,Chicago,11409,427,
04-17-2020,20:59,Adams,30,0,
04-17-2020,20:59,Alexander,1,0,
04-17-2020,20:59,Bond,4,1,
04-17-2020,20:59,Boone,21,2,
04-17-2020,20:59,Bureau,7,0,
04-17-2020,20:59,Calhoun,1,0,
04-17-2020,20:59,Carroll,5,1,
04-17-2020,20:59,Champaign,92,4,
04-17-2020,20:59,Christian,24,4,
04-17-2020,20:59,Clark,4,0,
04-17-2020,20:59,Clay,1,0,
04-17-2020,20:59,Clinton,42,0,
04-17-2020,20:59,Coles,9,0,
04-17-2020,20:59,Cook,7982,333,
04-17-2020,20:59,Crawford,4,0,
04-17-2020,20:59,Cumberland,2,0,
04-17-2020,20:59,DeKalb,46,1,
04-17-2020,20:59,De Witt,1,0,
04-17-2020,20:59,Douglas,12,0,
04-17-2020,20:59,DuPage,1560,77,
04-17-2020,20:59,Effingham,3,1,
04-17-2020,20:59,Fayette,12,1,
04-17-2020,20:59,Ford,4,1,
04-17-2020,20:59,Franklin,5,0,
04-17-2020,20:59,Fulton,1,0,
04-17-2020,20:59,Gallatin,2,0,
04-17-2020,20:59,Greene,1,0,
04-17-2020,20:59,Grundy,24,0,
04-17-2020,20:59,Hancock,3,0,
04-17-2020,20:59,Henderson,1,0,
04-17-2020,20:59,Henry,28,0,
04-17-2020,20:59,Iroquois,12,0,
04-17-2020,20:59,Jackson,40,4,
04-17-2020,20:59,Jasper,4,1,
04-17-2020,20:59,Jefferson,11,0,
04-17-2020,20:59,Jersey,8,0,
04-17-2020,20:59,Jo Daviess,11,0,
04-17-2020,20:59,Johnson,2,0,
04-17-2020,20:59,Kane,538,28,
04-17-2020,20:59,Kankakee,260,10,
04-17-2020,20:59,Kendall,123,2,
04-17-2020,20:59,Knox,3,0,
04-17-2020,20:59,Lake,1914,71,
04-17-2020,20:59,LaSalle,27,1,
04-17-2020,20:59,Lawrence,2,0,
04-17-2020,20:59,Lee,17,0,
04-17-2020,20:59,Livingston,18,0,
04-17-2020,20:59,Logan,4,0,
04-17-2020,20:59,McDonough,3,0,
04-17-2020,20:59,McHenry,306,13,
04-17-2020,20:59,McLean,83,3,
04-17-2020,20:59,Macon,47,5,
04-17-2020,20:59,Macoupin,17,0,
04-17-2020,20:59,Madison,157,5,
04-17-2020,20:59,Marion,17,0,
04-17-2020,20:59,Marshall,2,0,
04-17-2020,20:59,Mason,4,0,
04-17-2020,20:59,Massac,3,0,
04-17-2020,20:59,Menard,2,0,
04-17-2020,20:59,Mercer,4,0,
04-17-2020,20:59,Monroe,52,6,
04-17-2020,20:59,Montgomery,11,1,
04-17-2020,20:59,Morgan,12,1,
04-17-2020,20:59,Moultrie,2,0,
04-17-2020,20:59,Ogle,40,1,
04-17-2020,20:59,Peoria,34,1,
04-17-2020,20:59,Perry,1,0,
04-17-2020,20:59,Piatt,7,0,
04-17-2020,20:59,Pike,1,0,
04-17-2020,20:59,Pulaski,5,0,
04-17-2020,20:59,Randolph,48,1,
04-17-2020,20:59,Richland,2,0,
04-17-2020,20:59,Rock Island,167,4,
04-17-2020,20:59,St. Clair,254,17,
04-17-2020,20:59,Saline,3,0,
04-17-2020,20:59,Sangamon,58,3,
04-17-2020,20:59,Schuyler,1,0,
04-17-2020,20:59,Shelby,4,0,
04-17-2020,20:59,Stark,1,0,
04-17-2020,20:59,Stephenson,10,0,
04-17-2020,20:59,Tazewell,21,3,
04-17-2020,20:59,Unassigned,74,1,
04-17-2020,20:59,Union,4,0,
04-17-2020,20:59,Vermilion,8,0,
04-17-2020,20:59,Wabash,1,0,
04-17-2020,20:59,Warren,2,0,
04-17-2020,20:59,Washington,5,0,
04-17-2020,20:59,Wayne,1,0,
04-17-2020,20:59,Whiteside,31,3,
04-17-2020,20:59,Will,1566,90,
04-17-2020,20:59,Williamson,13,0,
04-17-2020,20:59,Winnebago,145,4,
04-17-2020,20:59,Woodford,11,0,
04-17-2020,17:34,Illinois,27575,1134,
04-17-2020,17:34,Chicago,11409,427,
04-17-2020,17:34,Adams,30,0,
04-17-2020,17:34,Alexander,1,0,
04-17-2020,17:34,Bond,4,1,
04-17-2020,17:34,Boone,21,2,
04-17-2020,17:34,Bureau,7,0,
04-17-2020,17:34,Calhoun,1,0,
04-17-2020,17:34,Carroll,5,1,
04-17-2020,17:34,Champaign,92,4,
04-17-2020,17:34,Christian,24,4,
04-17-2020,17:34,Clark,4,0,
04-17-2020,17:34,Clay,1,0,
04-17-2020,17:34,Clinton,42,0,
04-17-2020,17:34,Coles,9,0,
04-17-2020,17:34,Cook,7982,333,
04-17-2020,17:34,Crawford,4,0,
04-17-2020,17:34,Cumberland,2,0,
04-17-2020,17:34,DeKalb,46,1,
04-17-2020,17:34,De Witt,1,0,
04-17-2020,17:34,Douglas,12,0,
04-17-2020,17:34,DuPage,1560,77,
04-17-2020,17:34,Effingham,3,1,
04-17-2020,17:34,Fayette,12,1,
04-17-2020,17:34,Ford,4,1,
04-17-2020,17:34,Franklin,5,0,
04-17-2020,17:34,Fulton,1,0,
04-17-2020,17:34,Gallatin,2,0,
04-17-2020,17:34,Greene,1,0,
04-17-2020,17:34,Grundy,24,0,
04-17-2020,17:34,Hancock,3,0,
04-17-2020,17:34,Henderson,1,0,
04-17-2020,17:34,Henry,28,0,
04-17-2020,17:34,Iroquois,12,0,
04-17-2020,17:34,Jackson,40,4,
04-17-2020,17:34,Jasper,4,1,
04-17-2020,17:34,Jefferson,11,0,
04-17-2020,17:34,Jersey,8,0,
04-17-2020,17:34,Jo Daviess,11,0,
04-17-2020,17:34,Johnson,2,0,
04-17-2020,17:34,Kane,538,28,
04-17-2020,17:34,Kankakee,260,10,
04-17-2020,17:34,Kendall,123,2,
04-17-2020,17:34,Knox,3,0,
04-17-2020,17:34,Lake,1914,71,
04-17-2020,17:34,LaSalle,27,1,
04-17-2020,17:34,Lawrence,2,0,
04-17-2020,17:34,Lee,17,0,
04-17-2020,17:34,Livingston,18,0,
04-17-2020,17:34,Logan,4,0,
04-17-2020,17:34,McDonough,3,0,
04-17-2020,17:34,McHenry,306,13,
04-17-2020,17:34,McLean,83,3,
04-17-2020,17:34,Macon,47,5,
04-17-2020,17:34,Macoupin,17,0,
04-17-2020,17:34,Madison,157,5,
04-17-2020,17:34,Marion,17,0,
04-17-2020,17:34,Marshall,2,0,
04-17-2020,17:34,Mason,4,0,
04-17-2020,17:34,Massac,3,0,
04-17-2020,17:34,Menard,2,0,
04-17-2020,17:34,Mercer,4,0,
04-17-2020,17:34,Monroe,52,6,
04-17-2020,17:34,Montgomery,11,1,
04-17-2020,17:34,Morgan,12,1,
04-17-2020,17:34,Moultrie,2,0,
04-17-2020,17:34,Ogle,40,1,
04-17-2020,17:34,Peoria,34,1,
04-17-2020,17:34,Perry,1,0,
04-17-2020,17:34,Piatt,7,0,
04-17-2020,17:34,Pike,1,0,
04-17-2020,17:34,Pulaski,5,0,
04-17-2020,17:34,Randolph,48,1,
04-17-2020,17:34,Richland,2,0,
04-17-2020,17:34,Rock Island,167,4,
04-17-2020,17:34,St. Clair,254,17,
04-17-2020,17:34,Saline,3,0,
04-17-2020,17:34,Sangamon,58,3,
04-17-2020,17:34,Schuyler,1,0,
04-17-2020,17:34,Shelby,4,0,
04-17-2020,17:34,Stark,1,0,
04-17-2020,17:34,Stephenson,10,0,
04-17-2020,17:34,Tazewell,21,3,
04-17-2020,17:34,Unassigned,74,1,
04-17-2020,17:34,Union,4,0,
04-17-2020,17:34,Vermilion,8,0,
04-17-2020,17:34,Wabash,1,0,
04-17-2020,17:34,Warren,2,0,
04-17-2020,17:34,Washington,5,0,
04-17-2020,17:34,Wayne,1,0,
04-17-2020,17:34,Whiteside,31,3,
04-17-2020,17:34,Will,1566,90,
04-17-2020,17:34,Williamson,13,0,
04-17-2020,17:34,Winnebago,145,4,
04-17-2020,17:34,Woodford,11,0,
04-16-2020,19:10,Illinois,25733,1072,
04-16-2020,19:10,Chicago,10642,414,
04-16-2020,19:10,Adams,29,0,
04-16-2020,19:10,Alexander,1,0,
04-16-2020,19:10,Bond,4,1,
04-16-2020,19:10,Boone,18,1,
04-16-2020,19:10,Bureau,7,0,
04-16-2020,19:10,Calhoun,1,0,
04-16-2020,19:10,Carroll,5,1,
04-16-2020,19:10,Champaign,90,4,
04-16-2020,19:10,Christian,23,4,
04-16-2020,19:10,Clark,4,0,
04-16-2020,19:10,Clay,1,0,
04-16-2020,19:10,Clinton,39,0,
04-16-2020,19:10,Coles,9,0,
04-16-2020,19:10,Cook,7445,308,
04-16-2020,19:10,Crawford,4,0,
04-16-2020,19:10,Cumberland,2,0,
04-16-2020,19:10,DeKalb,39,1,
04-16-2020,19:10,De Witt,1,0,
04-16-2020,19:10,Douglas,12,0,
04-16-2020,19:10,DuPage,1463,69,
04-16-2020,19:10,Effingham,4,1,
04-16-2020,19:10,Fayette,12,1,
04-16-2020,19:10,Ford,4,1,
04-16-2020,19:10,Franklin,4,0,
04-16-2020,19:10,Fulton,1,0,
04-16-2020,19:10,Gallatin,2,0,
04-16-2020,19:10,Greene,1,0,
04-16-2020,19:10,Grundy,24,0,
04-16-2020,19:10,Hancock,3,0,
04-16-2020,19:10,Henry,25,0,
04-16-2020,19:10,Iroquois,11,0,
04-16-2020,19:10,Jackson,39,4,
04-16-2020,19:10,Jasper,3,1,
04-16-2020,19:10,Jefferson,10,0,
04-16-2020,19:10,Jersey,8,0,
04-16-2020,19:10,Jo Daviess,11,0,
04-16-2020,19:10,Johnson,2,0,
04-16-2020,19:10,Kane,490,25,
04-16-2020,19:10,Kankakee,252,10,
04-16-2020,19:10,Kendall,119,2,
04-16-2020,19:10,Knox,2,0,
04-16-2020,19:10,Lake,1767,70,
04-16-2020,19:10,LaSalle,25,1,
04-16-2020,19:10,Lawrence,2,0,
04-16-2020,19:10,Lee,15,0,
04-16-2020,19:10,Livingston,17,0,
04-16-2020,19:10,Logan,5,0,
04-16-2020,19:10,McDonough,3,0,
04-16-2020,19:10,McHenry,279,13,
04-16-2020,19:10,McLean,82,3,
04-16-2020,19:10,Macon,47,5,
04-16-2020,19:10,Macoupin,18,0,
04-16-2020,19:10,Madison,151,3,
04-16-2020,19:10,Marion,17,0,
04-16-2020,19:10,Marshall,2,0,
04-16-2020,19:10,Mason,4,0,
04-16-2020,19:10,Massac,4,0,
04-16-2020,19:10,Menard,2,0,
04-16-2020,19:10,Mercer,4,0,
04-16-2020,19:10,Monroe,50,5,
04-16-2020,19:10,Montgomery,9,1,
04-16-2020,19:10,Morgan,11,1,
04-16-2020,19:10,Moultrie,2,0,
04-16-2020,19:10,Ogle,29,1,
04-16-2020,19:10,Peoria,34,1,
04-16-2020,19:10,Perry,1,0,
04-16-2020,19:10,Piatt,7,0,
04-16-2020,19:10,Pike,1,0,
04-16-2020,19:10,Pulaski,6,0,
04-16-2020,19:10,Randolph,46,0,
04-16-2020,19:10,Richland,1,0,
04-16-2020,19:10,Rock Island,154,4,
04-16-2020,19:10,St. Clair,239,14,
04-16-2020,19:10,Saline,3,0,
04-16-2020,19:10,Sangamon,54,3,
04-16-2020,19:10,Schuyler,1,0,
04-16-2020,19:10,Shelby,4,0,
04-16-2020,19:10,Stark,1,0,
04-16-2020,19:10,Stephenson,9,0,
04-16-2020,19:10,Tazewell,21,3,
04-16-2020,19:10,Unassigned,55,1,
04-16-2020,19:10,Union,3,0,
04-16-2020,19:10,Vermilion,8,0,
04-16-2020,19:10,Wabash,1,0,
04-16-2020,19:10,Warren,2,0,
04-16-2020,19:10,Washington,4,0,
04-16-2020,19:10,Whiteside,30,3,
04-16-2020,19:10,Will,1494,88,
04-16-2020,19:10,Williamson,12,0,
04-16-2020,19:10,Winnebago,121,4,
04-16-2020,19:10,Woodford,11,0,
04-15-2020,16:16,Illinois,24593,948,
04-15-2020,16:16,Chicago,10192,361,
04-15-2020,16:16,Adams,27,0,
04-15-2020,16:16,Bond,4,0,
04-15-2020,16:16,Boone,16,1,
04-15-2020,16:16,Bureau,7,0,
04-15-2020,16:16,Calhoun,1,0,
04-15-2020,16:16,Carroll,5,1,
04-15-2020,16:16,Champaign,90,2,
04-15-2020,16:16,Christian,24,3,
04-15-2020,16:16,Clark,4,0,
04-15-2020,16:16,Clay,1,0,
04-15-2020,16:16,Clinton,39,0,
04-15-2020,16:16,Coles,9,0,
04-15-2020,16:16,Cook,7114,269,
04-15-2020,16:16,Crawford,4,0,
04-15-2020,16:16,Cumberland,2,0,
04-15-2020,16:16,DeKalb,37,1,
04-15-2020,16:16,De Witt,1,0,
04-15-2020,16:16,Douglas,11,0,
04-15-2020,16:16,DuPage,1386,66,
04-15-2020,16:16,Effingham,3,1,
04-15-2020,16:16,Fayette,12,1,
04-15-2020,16:16,Ford,4,1,
04-15-2020,16:16,Franklin,4,0,
04-15-2020,16:16,Fulton,1,0,
04-15-2020,16:16,Gallatin,2,0,
04-15-2020,16:16,Greene,1,0,
04-15-2020,16:16,Grundy,24,0,
04-15-2020,16:16,Hancock,3,0,
04-15-2020,16:16,Henry,25,0,
04-15-2020,16:16,Iroquois,11,0,
04-15-2020,16:16,Jackson,39,4,
04-15-2020,16:16,Jasper,3,1,
04-15-2020,16:16,Jefferson,9,0,
04-15-2020,16:16,Jersey,8,0,
04-15-2020,16:16,Jo Daviess,11,0,
04-15-2020,16:16,Johnson,2,0,
04-15-2020,16:16,Kane,463,24,
04-15-2020,16:16,Kankakee,226,10,
04-15-2020,16:16,Kendall,116,2,
04-15-2020,16:16,Knox,2,0,
04-15-2020,16:16,Lake,1711,62,
04-15-2020,16:16,LaSalle,24,1,
04-15-2020,16:16,Lawrence,2,0,
04-15-2020,16:16,Lee,15,0,
04-15-2020,16:16,Livingston,17,0,
04-15-2020,16:16,Logan,4,0,
04-15-2020,16:16,McDonough,2,0,
04-15-2020,16:16,McHenry,264,11,
04-15-2020,16:16,McLean,82,2,
04-15-2020,16:16,Macon,44,5,
04-15-2020,16:16,Macoupin,17,0,
04-15-2020,16:16,Madison,135,2,
04-15-2020,16:16,Marion,17,0,
04-15-2020,16:16,Marshall,2,0,
04-15-2020,16:16,Mason,3,0,
04-15-2020,16:16,Massac,3,0,
04-15-2020,16:16,Menard,2,0,
04-15-2020,16:16,Mercer,3,0,
04-15-2020,16:16,Monroe,49,4,
04-15-2020,16:16,Montgomery,9,1,
04-15-2020,16:16,Morgan,10,1,
04-15-2020,16:16,Moultrie,2,0,
04-15-2020,16:16,Ogle,28,1,
04-15-2020,16:16,Peoria,33,1,
04-15-2020,16:16,Perry,1,0,
04-15-2020,16:16,Piatt,6,0,
04-15-2020,16:16,Pike,1,0,
04-15-2020,16:16,Pulaski,5,0,
04-15-2020,16:16,Randolph,46,0,
04-15-2020,16:16,Richland,1,0,
04-15-2020,16:16,Rock Island,138,4,
04-15-2020,16:16,St. Clair,225,10,
04-15-2020,16:16,Saline,3,0,
04-15-2020,16:16,Sangamon,50,3,
04-15-2020,16:16,Schuyler,1,0,
04-15-2020,16:16,Shelby,4,0,
04-15-2020,16:16,Stark,1,0,
04-15-2020,16:16,Stephenson,9,0,
04-15-2020,16:16,Tazewell,21,3,
04-15-2020,16:16,Unassigned,45,1,
04-15-2020,16:16,Union,3,0,
04-15-2020,16:16,Vermilion,8,0,
04-15-2020,16:16,Wabash,1,0,
04-15-2020,16:16,Warren,2,0,
04-15-2020,16:16,Washington,3,0,
04-15-2020,16:16,Whiteside,29,3,
04-15-2020,16:16,Will,1433,81,
04-15-2020,16:16,Williamson,12,0,
04-15-2020,16:16,Winnebago,112,4,
04-15-2020,16:16,Woodford,11,0,
04-14-2020,16:14,Illinois,23247,868,
04-14-2020,16:14,Chicago,9616,328,
04-14-2020,16:14,Adams,27,0,
04-14-2020,16:14,Bond,4,0,
04-14-2020,16:14,Boone,13,1,
04-14-2020,16:14,Bureau,6,0,
04-14-2020,16:14,Calhoun,1,0,
04-14-2020,16:14,Carroll,5,1,
04-14-2020,16:14,Champaign,88,2,
04-14-2020,16:14,Christian,24,3,
04-14-2020,16:14,Clark,4,0,
04-14-2020,16:14,Clay,1,0,
04-14-2020,16:14,Clinton,38,0,
04-14-2020,16:14,Coles,8,0,
04-14-2020,16:14,Cook,6707,249,
04-14-2020,16:14,Crawford,4,0,
04-14-2020,16:14,Cumberland,2,0,
04-14-2020,16:14,DeKalb,35,1,
04-14-2020,16:14,De Witt,1,0,
04-14-2020,16:14,Douglas,11,0,
04-14-2020,16:14,DuPage,1312,61,
04-14-2020,16:14,Effingham,3,1,
04-14-2020,16:14,Fayette,12,1,
04-14-2020,16:14,Ford,4,1,
04-14-2020,16:14,Franklin,4,0,
04-14-2020,16:14,Fulton,1,0,
04-14-2020,16:14,Gallatin,2,0,
04-14-2020,16:14,Greene,1,0,
04-14-2020,16:14,Grundy,24,0,
04-14-2020,16:14,Hancock,1,0,
04-14-2020,16:14,Henry,23,0,
04-14-2020,16:14,Iroquois,9,0,
04-14-2020,16:14,Jackson,35,3,
04-14-2020,16:14,Jasper,3,1,
04-14-2020,16:14,Jefferson,8,0,
04-14-2020,16:14,Jersey,6,0,
04-14-2020,16:14,Jo Daviess,11,0,
04-14-2020,16:14,Johnson,1,0,
04-14-2020,16:14,Kane,448,24,
04-14-2020,16:14,Kankakee,220,10,
04-14-2020,16:14,Kendall,114,2,
04-14-2020,16:14,Knox,2,0,
04-14-2020,16:14,Lake,1621,58,
04-14-2020,16:14,LaSalle,23,1,
04-14-2020,16:14,Lawrence,2,0,
04-14-2020,16:14,Lee,13,0,
04-14-2020,16:14,Livingston,17,0,
04-14-2020,16:14,Logan,4,0,
04-14-2020,16:14,McDonough,2,0,
04-14-2020,16:14,McHenry,257,8,
04-14-2020,16:14,McLean,81,2,
04-14-2020,16:14,Macon,45,1,
04-14-2020,16:14,Macoupin,16,0,
04-14-2020,16:14,Madison,128,2,
04-14-2020,16:14,Marion,14,0,
04-14-2020,16:14,Marshall,2,0,
04-14-2020,16:14,Mason,3,0,
04-14-2020,16:14,Massac,3,0,
04-14-2020,16:14,Menard,2,0,
04-14-2020,16:14,Mercer,3,0,
04-14-2020,16:14,Monroe,47,3,
04-14-2020,16:14,Montgomery,9,1,
04-14-2020,16:14,Morgan,11,1,
04-14-2020,16:14,Moultrie,2,0,
04-14-2020,16:14,Ogle,26,0,
04-14-2020,16:14,Peoria,31,1,
04-14-2020,16:14,Perry,1,0,
04-14-2020,16:14,Piatt,6,0,
04-14-2020,16:14,Pike,1,0,
04-14-2020,16:14,Pulaski,5,0,
04-14-2020,16:14,Randolph,41,0,
04-14-2020,16:14,Richland,1,0,
04-14-2020,16:14,Rock Island,113,3,
04-14-2020,16:14,St. Clair,220,8,
04-14-2020,16:14,Saline,3,0,
04-14-2020,16:14,Sangamon,50,3,
04-14-2020,16:14,Schuyler,1,0,
04-14-2020,16:14,Shelby,4,0,
04-14-2020,16:14,Stark,1,0,
04-14-2020,16:14,Stephenson,9,0,
04-14-2020,16:14,Tazewell,21,3,
04-14-2020,16:14,Unassigned,54,1,
04-14-2020,16:14,Vermilion,8,0,
04-14-2020,16:14,Wabash,2,0,
04-14-2020,16:14,Warren,2,0,
04-14-2020,16:14,Washington,2,0,
04-14-2020,16:14,Whiteside,30,2,
04-14-2020,16:14,Will,1350,77,
04-14-2020,16:14,Williamson,10,0,
04-14-2020,16:14,Winnebago,101,4,
04-14-2020,16:14,Woodford,10,0,
04-13-2020,16:26,Illinois,22025,794,
04-13-2020,16:26,Chicago,9084,308,
04-13-2020,16:26,Adams,26,0,
04-13-2020,16:26,Bond,4,0,
04-13-2020,16:26,Boone,13,1,
04-13-2020,16:26,Bureau,6,0,
04-13-2020,16:26,Calhoun,1,0,
04-13-2020,16:26,Carroll,5,1,
04-13-2020,16:26,Champaign,87,2,
04-13-2020,16:26,Christian,24,3,
04-13-2020,16:26,Clark,4,0,
04-13-2020,16:26,Clinton,38,0,
04-13-2020,16:26,Coles,6,0,
04-13-2020,16:26,Cook,6390,235,
04-13-2020,16:26,Crawford,4,0,
04-13-2020,16:26,Cumberland,2,0,
04-13-2020,16:26,DeKalb,34,1,
04-13-2020,16:26,De Witt,1,0,
04-13-2020,16:26,Douglas,11,0,
04-13-2020,16:26,DuPage,1223,56,
04-13-2020,16:26,Effingham,3,1,
04-13-2020,16:26,Fayette,11,1,
04-13-2020,16:26,Ford,4,1,
04-13-2020,16:26,Franklin,4,0,
04-13-2020,16:26,Fulton,1,0,
04-13-2020,16:26,Gallatin,1,0,
04-13-2020,16:26,Greene,1,0,
04-13-2020,16:26,Grundy,21,0,
04-13-2020,16:26,Hancock,1,0,
04-13-2020,16:26,Henry,23,0,
04-13-2020,16:26,Iroquois,9,0,
04-13-2020,16:26,Jackson,33,2,
04-13-2020,16:26,Jasper,3,1,
04-13-2020,16:26,Jefferson,8,0,
04-13-2020,16:26,Jersey,6,0,
04-13-2020,16:26,Jo Daviess,11,0,
04-13-2020,16:26,Johnson,1,0,
04-13-2020,16:26,Kane,421,24,
04-13-2020,16:26,Kankakee,210,9,
04-13-2020,16:26,Kendall,114,2,
04-13-2020,16:26,Knox,2,0,
04-13-2020,16:26,Lake,1516,45,
04-13-2020,16:26,LaSalle,21,1,
04-13-2020,16:26,Lawrence,2,0,
04-13-2020,16:26,Lee,14,0,
04-13-2020,16:26,Livingston,17,0,
04-13-2020,16:26,Logan,4,0,
04-13-2020,16:26,McDonough,2,0,
04-13-2020,16:26,McHenry,245,7,
04-13-2020,16:26,McLean,79,2,
04-13-2020,16:26,Macon,42,1,
04-13-2020,16:26,Macoupin,16,0,
04-13-2020,16:26,Madison,115,2,
04-13-2020,16:26,Marion,13,0,
04-13-2020,16:26,Marshall,1,0,
04-13-2020,16:26,Mason,3,0,
04-13-2020,16:26,Massac,2,0,
04-13-2020,16:26,Menard,2,0,
04-13-2020,16:26,Mercer,2,0,
04-13-2020,16:26,Monroe,46,1,
04-13-2020,16:26,Montgomery,9,1,
04-13-2020,16:26,Morgan,10,1,
04-13-2020,16:26,Moultrie,2,0,
04-13-2020,16:26,Ogle,26,0,
04-13-2020,16:26,Peoria,30,1,
04-13-2020,16:26,Perry,1,0,
04-13-2020,16:26,Piatt,6,0,
04-13-2020,16:26,Pike,1,0,
04-13-2020,16:26,Pulaski,5,0,
04-13-2020,16:26,Randolph,41,0,
04-13-2020,16:26,Richland,1,0,
04-13-2020,16:26,Rock Island,105,3,
04-13-2020,16:26,St. Clair,202,8,
04-13-2020,16:26,Saline,3,0,
04-13-2020,16:26,Sangamon,48,2,
04-13-2020,16:26,Schuyler,1,0,
04-13-2020,16:26,Shelby,4,0,
04-13-2020,16:26,Stark,1,0,
04-13-2020,16:26,Stephenson,8,0,
04-13-2020,16:26,Tazewell,19,2,
04-13-2020,16:26,Unassigned,65,1,
04-13-2020,16:26,Vermilion,8,0,
04-13-2020,16:26,Wabash,2,0,
04-13-2020,16:26,Warren,2,0,
04-13-2020,16:26,Washington,2,0,
04-13-2020,16:26,Whiteside,28,1,
04-13-2020,16:26,Will,1283,63,
04-13-2020,16:26,Williamson,10,0,
04-13-2020,16:26,Winnebago,99,4,
04-13-2020,16:26,Woodford,9,0,
04-12-2020,21:12,Illinois,20852,720,
04-12-2020,21:12,Chicago,8503,267,
04-12-2020,21:12,Cook,6082,218,
04-12-2020,21:12,Lake,1445,42,
04-12-2020,21:12,Will,1228,60,
04-12-2020,21:12,DuPage,1162,50,
04-12-2020,21:12,Kane,403,23,
04-12-2020,21:12,McHenry,235,6,
04-12-2020,21:12,Kankakee,204,9,
04-12-2020,21:12,St. Clair,189,8,
04-12-2020,21:12,Madison,110,2,
04-12-2020,21:12,Kendall,105,2,
04-12-2020,21:12,Unassigned,97,1,
04-12-2020,21:12,Winnebago,94,4,
04-12-2020,21:12,Rock Island,91,3,
04-12-2020,21:12,Champaign,86,2,
04-12-2020,21:12,McLean,77,2,
04-12-2020,21:12,Monroe,46,1,
04-12-2020,21:12,Sangamon,43,2,
04-12-2020,21:12,Randolph,40,0,
04-12-2020,21:12,Clinton,37,0,
04-12-2020,21:12,Macon,35,1,
04-12-2020,21:12,DeKalb,34,1,
04-12-2020,21:12,Jackson,31,2,
04-12-2020,21:12,Peoria,27,1,
04-12-2020,21:12,Whiteside,26,1,
04-12-2020,21:12,Adams,25,0,
04-12-2020,21:12,Christian,24,3,
04-12-2020,21:12,Henry,22,0,
04-12-2020,21:12,Grundy,21,0,
04-12-2020,21:12,LaSalle,20,1,
04-12-2020,21:12,Tazewell,19,2,
04-12-2020,21:12,Ogle,18,0,
04-12-2020,21:12,Macoupin,16,0,
04-12-2020,21:12,Livingston,16,0,
04-12-2020,21:12,Marion,13,0,
04-12-2020,21:12,Lee,13,0,
04-12-2020,21:12,Jo Daviess,11,0,
04-12-2020,21:12,Fayette,11,0,
04-12-2020,21:12,Douglas,11,0,
04-12-2020,21:12,Boone,11,1,
04-12-2020,21:12,Williamson,10,0,
04-12-2020,21:12,Morgan,10,1,
04-12-2020,21:12,Iroquois,9,0,
04-12-2020,21:12,Vermilion,8,0,
04-12-2020,21:12,Stephenson,8,0,
04-12-2020,21:12,Montgomery,8,1,
04-12-2020,21:12,Woodford,7,0,
04-12-2020,21:12,Jefferson,7,0,
04-12-2020,21:12,Piatt,6,0,
04-12-2020,21:12,Jersey,6,0,
04-12-2020,21:12,Coles,6,0,
04-12-2020,21:12,Pulaski,5,0,
04-12-2020,21:12,Carroll,5,1,
04-12-2020,21:12,Bureau,5,0,
04-12-2020,21:12,Shelby,4,0,
04-12-2020,21:12,Franklin,4,0,
04-12-2020,21:12,Ford,4,1,
04-12-2020,21:12,Crawford,4,0,
04-12-2020,21:12,Bond,4,0,
04-12-2020,21:12,Saline,3,0,
04-12-2020,21:12,Mason,3,0,
04-12-2020,21:12,Logan,3,0,
04-12-2020,21:12,Jasper,3,0,
04-12-2020,21:12,Effingham,3,1,
04-12-2020,21:12,Clark,3,0,
04-12-2020,21:12,Washington,2,0,
04-12-2020,21:12,Warren,2,0,
04-12-2020,21:12,Wabash,2,0,
04-12-2020,21:12,Moultrie,2,0,
04-12-2020,21:12,Mercer,2,0,
04-12-2020,21:12,Menard,2,0,
04-12-2020,21:12,Massac,2,0,
04-12-2020,21:12,Lawrence,2,0,
04-12-2020,21:12,Knox,2,0,
04-12-2020,21:12,Cumberland,2,0,
04-12-2020,21:12,Stark,1,0,
04-12-2020,21:12,Schuyler,1,0,
04-12-2020,21:12,Richland,1,0,
04-12-2020,21:12,Pike,1,0,
04-12-2020,21:12,Perry,1,0,
04-12-2020,21:12,Marshall,1,0,
04-12-2020,21:12,McDonough,1,0,
04-12-2020,21:12,Hancock,1,0,
04-12-2020,21:12,Greene,1,0,
04-12-2020,21:12,Gallatin,1,0,
04-12-2020,21:12,Fulton,1,0,
04-12-2020,21:12,De Witt,1,0,
04-12-2020,21:12,Calhoun,1,0,
04-11-2020,12:00,Illinois,19180,677,
04-11-2020,12:00,Chicago,7784,249,
04-11-2020,12:00,Cook,5633,204,
04-11-2020,12:00,Lake,1331,39,
04-11-2020,12:00,Will,1126,56,
04-11-2020,12:00,DuPage,1048,48,
04-11-2020,12:00,Kane,376,22,
04-11-2020,12:00,McHenry,220,6,
04-11-2020,12:00,Kankakee,185,9,
04-11-2020,12:00,St. Clair,173,7,
04-11-2020,12:00,Madison,103,2,
04-11-2020,12:00,Kendall,103,2,
04-11-2020,12:00,Unassigned,85,1,
04-11-2020,12:00,Champaign,85,2,
04-11-2020,12:00,Rock Island,84,3,
04-11-2020,12:00,Winnebago,80,4,
04-11-2020,12:00,McLean,75,2,
04-11-2020,12:00,Sangamon,43,2,
04-11-2020,12:00,Monroe,43,1,
04-11-2020,12:00,Randolph,37,0,
04-11-2020,12:00,Clinton,37,0,
04-11-2020,12:00,DeKalb,33,1,
04-11-2020,12:00,Jackson,30,2,
04-11-2020,12:00,Whiteside,25,1,
04-11-2020,12:00,Adams,25,0,
04-11-2020,12:00,Christian,24,3,
04-11-2020,12:00,Peoria,23,1,
04-11-2020,12:00,Macon,23,1,
04-11-2020,12:00,Henry,22,0,
04-11-2020,12:00,Tazewell,18,2,
04-11-2020,12:00,LaSalle,18,1,
04-11-2020,12:00,Grundy,17,0,
04-11-2020,12:00,Ogle,16,0,
04-11-2020,12:00,Livingston,15,0,
04-11-2020,12:00,Macoupin,14,0,
04-11-2020,12:00,Marion,13,0,
04-11-2020,12:00,Lee,12,0,
04-11-2020,12:00,Douglas,11,0,
04-11-2020,12:00,Williamson,10,0,
04-11-2020,12:00,Morgan,10,1,
04-11-2020,12:00,Jo Daviess,10,0,
04-11-2020,12:00,Fayette,9,0,
04-11-2020,12:00,Stephenson,8,0,
04-11-2020,12:00,Montgomery,8,1,
04-11-2020,12:00,Iroquois,8,0,
04-11-2020,12:00,Woodford,7,0,
04-11-2020,12:00,Vermilion,7,0,
04-11-2020,12:00,Boone,7,1,
04-11-2020,12:00,Piatt,6,0,
04-11-2020,12:00,Jersey,6,0,
04-11-2020,12:00,Jefferson,6,0,
04-11-2020,12:00,Coles,5,0,
04-11-2020,12:00,Carroll,5,1,
04-11-2020,12:00,Bureau,5,0,
04-11-2020,12:00,Pulaski,4,0,
04-11-2020,12:00,Ford,4,1,
04-11-2020,12:00,Crawford,4,0,
04-11-2020,12:00,Bond,4,0,
04-11-2020,12:00,Shelby,3,0,
04-11-2020,12:00,Saline,3,0,
04-11-2020,12:00,Moultrie,3,0,
04-11-2020,12:00,Mason,3,0,
04-11-2020,12:00,Logan,3,0,
04-11-2020,12:00,Jasper,3,0,
04-11-2020,12:00,Franklin,3,0,
04-11-2020,12:00,Effingham,3,1,
04-11-2020,12:00,Clark,3,0,
04-11-2020,12:00,Washington,2,0,
04-11-2020,12:00,Wabash,2,0,
04-11-2020,12:00,Mercer,2,0,
04-11-2020,12:00,Menard,2,0,
04-11-2020,12:00,Massac,2,0,
04-11-2020,12:00,Lawrence,2,0,
04-11-2020,12:00,Knox,2,0,
04-11-2020,12:00,Cumberland,2,0,
04-11-2020,12:00,Warren,1,0,
04-11-2020,12:00,Stark,1,0,
04-11-2020,12:00,Schuyler,1,0,
04-11-2020,12:00,Richland,1,0,
04-11-2020,12:00,Pike,1,0,
04-11-2020,12:00,Perry,1,0,
04-11-2020,12:00,Marshall,1,0,
04-11-2020,12:00,McDonough,1,0,
04-11-2020,12:00,Hancock,1,0,
04-11-2020,12:00,Greene,1,0,
04-11-2020,12:00,Gallatin,1,0,
04-11-2020,12:00,Fulton,1,0,
04-11-2020,12:00,De Witt,1,0,
04-11-2020,12:00,Calhoun,1,0,
04-10-2020,12:00,Illinois,17887,596,
04-10-2020,12:00,Chicago,7230,218,
04-10-2020,12:00,Cook,5242,180,
04-10-2020,12:00,Lake,1230,31,
04-10-2020,12:00,Will,1077,52,
04-10-2020,12:00,DuPage,1008,42,
04-10-2020,12:00,Kane,339,22,
04-10-2020,12:00,McHenry,206,5,
04-10-2020,12:00,Kankakee,167,7,
04-10-2020,12:00,St. Clair,159,5,
04-10-2020,12:00,Madison,101,2,
04-10-2020,12:00,Kendall,92,2,
04-10-2020,12:00,Unassigned,81,1,
04-10-2020,12:00,Rock Island,80,3,
04-10-2020,12:00,Champaign,79,1,
04-10-2020,12:00,Winnebago,77,3,
04-10-2020,12:00,McLean,75,2,
04-10-2020,12:00,Sangamon,42,2,
04-10-2020,12:00,Monroe,42,1,
04-10-2020,12:00,Randolph,35,0,
04-10-2020,12:00,DeKalb,32,1,
04-10-2020,12:00,Clinton,32,0,
04-10-2020,12:00,Jackson,27,1,
04-10-2020,12:00,Whiteside,24,1,
04-10-2020,12:00,Adams,24,0,
04-10-2020,12:00,Christian,23,3,
04-10-2020,12:00,Henry,21,0,
04-10-2020,12:00,Peoria,20,1,
04-10-2020,12:00,LaSalle,19,1,
04-10-2020,12:00,Tazewell,17,2,
04-10-2020,12:00,Ogle,16,0,
04-10-2020,12:00,Grundy,15,0,
04-10-2020,12:00,Macoupin,14,0,
04-10-2020,12:00,Macon,14,1,
04-10-2020,12:00,Livingston,14,0,
04-10-2020,12:00,Marion,12,0,
04-10-2020,12:00,Lee,12,0,
04-10-2020,12:00,Douglas,11,0,
04-10-2020,12:00,Williamson,10,0,
04-10-2020,12:00,Morgan,10,1,
04-10-2020,12:00,Jo Daviess,10,0,
04-10-2020,12:00,Stephenson,8,0,
04-10-2020,12:00,Montgomery,8,1,
04-10-2020,12:00,Woodford,7,0,
04-10-2020,12:00,Vermilion,7,0,
04-10-2020,12:00,Iroquois,7,0,
04-10-2020,12:00,Fayette,7,0,
04-10-2020,12:00,Boone,7,1,
04-10-2020,12:00,Piatt,6,0,
04-10-2020,12:00,Jersey,6,0,
04-10-2020,12:00,Jefferson,5,0,
04-10-2020,12:00,Carroll,5,1,
04-10-2020,12:00,Pulaski,4,0,
04-10-2020,12:00,Ford,4,1,
04-10-2020,12:00,Crawford,4,0,
04-10-2020,12:00,Bureau,4,0,
04-10-2020,12:00,Bond,4,0,
04-10-2020,12:00,Shelby,3,0,
04-10-2020,12:00,Saline,3,0,
04-10-2020,12:00,Mason,3,0,
04-10-2020,12:00,Jasper,3,0,
04-10-2020,12:00,Franklin,3,0,
04-10-2020,12:00,Effingham,3,1,
04-10-2020,12:00,Clark,3,0,
04-10-2020,12:00,Washington,2,0,
04-10-2020,12:00,Wabash,2,0,
04-10-2020,12:00,Moultrie,2,0,
04-10-2020,12:00,Mercer,2,0,
04-10-2020,12:00,Menard,2,0,
04-10-2020,12:00,Massac,2,0,
04-10-2020,12:00,Logan,2,0,
04-10-2020,12:00,Lawrence,2,0,
04-10-2020,12:00,Greene,2,0,
04-10-2020,12:00,Fulton,2,0,
04-10-2020,12:00,Cumberland,2,0,
04-10-2020,12:00,Coles,2,0,
04-10-2020,12:00,Stark,1,0,
04-10-2020,12:00,Schuyler,1,0,
04-10-2020,12:00,Richland,1,0,
04-10-2020,12:00,Pike,1,0,
04-10-2020,12:00,Marshall,1,0,
04-10-2020,12:00,Knox,1,0,
04-10-2020,12:00,Hancock,1,0,
04-10-2020,12:00,Gallatin,1,0,
04-10-2020,12:00,De Witt,1,0,
04-10-2020,12:00,Calhoun,1,0,
04-09-2020,12:00,Illinois,16422,528,
04-09-2020,12:00,Chicago,6648,198,
04-09-2020,12:00,Cook,4767,153,
04-09-2020,12:00,Lake,1124,27,
04-09-2020,12:00,Will,1010,46,
04-09-2020,12:00,DuPage,943,36,
04-09-2020,12:00,Kane,318,20,
04-09-2020,12:00,McHenry,198,5,
04-09-2020,12:00,Kankakee,156,6,
04-09-2020,12:00,St. Clair,144,4,
04-09-2020,12:00,Madison,89,2,
04-09-2020,12:00,Kendall,86,2,
04-09-2020,12:00,Rock Island,73,2,
04-09-2020,12:00,Champaign,72,1,
04-09-2020,12:00,McLean,69,2,
04-09-2020,12:00,Unassigned,68,1,
04-09-2020,12:00,Winnebago,66,3,
04-09-2020,12:00,Sangamon,39,2,
04-09-2020,12:00,Monroe,35,1,
04-09-2020,12:00,Randolph,34,0,
04-09-2020,12:00,DeKalb,32,1,
04-09-2020,12:00,Clinton,31,0,
04-09-2020,12:00,Jackson,26,1,
04-09-2020,12:00,Whiteside,23,1,
04-09-2020,12:00,Christian,23,3,
04-09-2020,12:00,Adams,22,0,
04-09-2020,12:00,Henry,18,0,
04-09-2020,12:00,Tazewell,17,2,
04-09-2020,12:00,LaSalle,17,1,
04-09-2020,12:00,Peoria,15,1,
04-09-2020,12:00,Macon,15,1,
04-09-2020,12:00,Ogle,14,0,
04-09-2020,12:00,Livingston,14,0,
04-09-2020,12:00,Grundy,13,0,
04-09-2020,12:00,Macoupin,12,0,
04-09-2020,12:00,Douglas,11,0,
04-09-2020,12:00,Williamson,10,0,
04-09-2020,12:00,Morgan,10,1,
04-09-2020,12:00,Marion,10,0,
04-09-2020,12:00,Lee,9,0,
04-09-2020,12:00,Jo Daviess,9,0,
04-09-2020,12:00,Woodford,7,0,
04-09-2020,12:00,Stephenson,7,0,
04-09-2020,12:00,Iroquois,7,0,
04-09-2020,12:00,Fayette,7,0,
04-09-2020,12:00,Boone,7,1,
04-09-2020,12:00,Montgomery,6,1,
04-09-2020,12:00,Vermilion,5,0,
04-09-2020,12:00,Piatt,5,0,
04-09-2020,12:00,Jersey,5,0,
04-09-2020,12:00,Carroll,5,1,
04-09-2020,12:00,Pulaski,4,0,
04-09-2020,12:00,Crawford,4,0,
04-09-2020,12:00,Bureau,4,0,
04-09-2020,12:00,Bond,4,0,
04-09-2020,12:00,Shelby,3,0,
04-09-2020,12:00,Saline,3,0,
04-09-2020,12:00,Mason,3,0,
04-09-2020,12:00,Jasper,3,0,
04-09-2020,12:00,Ford,3,1,
04-09-2020,12:00,Effingham,3,1,
04-09-2020,12:00,Clark,3,0,
04-09-2020,12:00,Washington,2,0,
04-09-2020,12:00,Wabash,2,0,
04-09-2020,12:00,Moultrie,2,0,
04-09-2020,12:00,Mercer,2,0,
04-09-2020,12:00,Menard,2,0,
04-09-2020,12:00,Massac,2,0,
04-09-2020,12:00,Logan,2,0,
04-09-2020,12:00,Lawrence,2,0,
04-09-2020,12:00,Jefferson,2,0,
04-09-2020,12:00,Franklin,2,0,
04-09-2020,12:00,Cumberland,2,0,
04-09-2020,12:00,Coles,2,0,
04-09-2020,12:00,Stark,1,0,
04-09-2020,12:00,Schuyler,1,0,
04-09-2020,12:00,Richland,1,0,
04-09-2020,12:00,Pike,1,0,
04-09-2020,12:00,Marshall,1,0,
04-09-2020,12:00,Knox,1,0,
04-09-2020,12:00,Hancock,1,0,
04-09-2020,12:00,Gallatin,1,0,
04-09-2020,12:00,De Witt,1,0,
04-09-2020,12:00,Calhoun,1,0,
04-08-2020,12:00,Illinois,15078,462,
04-08-2020,12:00,Chicago,6092,177,
04-08-2020,12:00,Cook,4428,135,
04-08-2020,12:00,Lake,1041,23,
04-08-2020,12:00,Will,914,35,
04-08-2020,12:00,DuPage,875,30,
04-08-2020,12:00,Kane,296,19,
04-08-2020,12:00,McHenry,180,5,
04-08-2020,12:00,Kankakee,145,5,
04-08-2020,12:00,St. Clair,127,3,
04-08-2020,12:00,Madison,82,2,
04-08-2020,12:00,Kendall,79,2,
04-08-2020,12:00,Champaign,69,1,
04-08-2020,12:00,Rock Island,67,0,
04-08-2020,12:00,McLean,65,2,
04-08-2020,12:00,Unassigned,64,1,
04-08-2020,12:00,Winnebago,63,3,
04-08-2020,12:00,Sangamon,33,2,
04-08-2020,12:00,DeKalb,32,1,
04-08-2020,12:00,Randolph,31,0,
04-08-2020,12:00,Christian,23,3,
04-08-2020,12:00,Jackson,22,1,
04-08-2020,12:00,Whiteside,21,1,
04-08-2020,12:00,Monroe,20,1,
04-08-2020,12:00,Tazewell,17,2,
04-08-2020,12:00,LaSalle,17,1,
04-08-2020,12:00,Peoria,16,1,
04-08-2020,12:00,Henry,16,0,
04-08-2020,12:00,Macon,13,1,
04-08-2020,12:00,Clinton,13,0,
04-08-2020,12:00,Ogle,12,0,
04-08-2020,12:00,Grundy,12,0,
04-08-2020,12:00,Adams,11,0,
04-08-2020,12:00,Macoupin,10,0,
04-08-2020,12:00,Livingston,10,0,
04-08-2020,12:00,Douglas,10,0,
04-08-2020,12:00,Williamson,9,0,
04-08-2020,12:00,Morgan,8,1,
04-08-2020,12:00,Jo Daviess,8,0,
04-08-2020,12:00,Woodford,7,0,
04-08-2020,12:00,Iroquois,7,0,
04-08-2020,12:00,Boone,7,1,
04-08-2020,12:00,Stephenson,6,0,
04-08-2020,12:00,Lee,6,0,
04-08-2020,12:00,Vermilion,5,0,
04-08-2020,12:00,Jersey,5,0,
04-08-2020,12:00,Carroll,5,1,
04-08-2020,12:00,Piatt,4,0,
04-08-2020,12:00,Montgomery,4,1,
04-08-2020,12:00,Marion,4,0,
04-08-2020,12:00,Fayette,4,0,
04-08-2020,12:00,Crawford,4,0,
04-08-2020,12:00,Bureau,4,0,
04-08-2020,12:00,Shelby,3,0,
04-08-2020,12:00,Mason,3,0,
04-08-2020,12:00,Logan,3,0,
04-08-2020,12:00,Jasper,3,0,
04-08-2020,12:00,Ford,3,1,
04-08-2020,12:00,Clark,3,0,
04-08-2020,12:00,Bond,3,0,
04-08-2020,12:00,Washington,2,0,
04-08-2020,12:00,Saline,2,0,
04-08-2020,12:00,Moultrie,2,0,
04-08-2020,12:00,Mercer,2,0,
04-08-2020,12:00,Menard,2,0,
04-08-2020,12:00,Massac,2,0,
04-08-2020,12:00,Lawrence,2,0,
04-08-2020,12:00,Jefferson,2,0,
04-08-2020,12:00,Franklin,2,0,
04-08-2020,12:00,Effingham,2,0,
04-08-2020,12:00,De Witt,2,0,
04-08-2020,12:00,Coles,2,0,
04-08-2020,12:00,Wabash,1,0,
04-08-2020,12:00,Stark,1,0,
04-08-2020,12:00,Richland,1,0,
04-08-2020,12:00,Pike,1,0,
04-08-2020,12:00,Marshall,1,0,
04-08-2020,12:00,Knox,1,0,
04-08-2020,12:00,Hancock,1,0,
04-08-2020,12:00,Gallatin,1,0,
04-08-2020,12:00,Cumberland,1,0,
04-08-2020,12:00,Calhoun,1,0,
04-07-2020,12:00,Illinois,13549,380,
04-07-2020,12:00,Chicago,5506,135,
04-07-2020,12:00,Cook,4003,114,
04-07-2020,12:00,Lake,923,20,
04-07-2020,12:00,Will,840,30,
04-07-2020,12:00,DuPage,795,26,
04-07-2020,12:00,Kane,255,18,
04-07-2020,12:00,McHenry,156,4,
04-07-2020,12:00,St. Clair,109,2,
04-07-2020,12:00,Kankakee,107,5,
04-07-2020,12:00,Champaign,65,1,
04-07-2020,12:00,Unassigned,64,1,
04-07-2020,12:00,Madison,63,1,
04-07-2020,12:00,Kendall,61,2,
04-07-2020,12:00,Winnebago,59,3,
04-07-2020,12:00,McLean,57,2,
04-07-2020,12:00,Rock Island,54,0,
04-07-2020,12:00,Sangamon,32,2,
04-07-2020,12:00,Randolph,29,0,
04-07-2020,12:00,DeKalb,26,1,
04-07-2020,12:00,Christian,23,3,
04-07-2020,12:00,Whiteside,21,1,
04-07-2020,12:00,Jackson,20,1,
04-07-2020,12:00,Tazewell,15,1,
04-07-2020,12:00,Peoria,13,1,
04-07-2020,12:00,Henry,13,0,
04-07-2020,12:00,Monroe,12,1,
04-07-2020,12:00,Macon,12,0,
04-07-2020,12:00,LaSalle,12,1,
04-07-2020,12:00,Clinton,11,0,
04-07-2020,12:00,Ogle,10,0,
04-07-2020,12:00,Livingston,10,0,
04-07-2020,12:00,Grundy,10,0,
04-07-2020,12:00,Douglas,10,0,
04-07-2020,12:00,Adams,9,0,
04-07-2020,12:00,Williamson,8,0,
04-07-2020,12:00,Morgan,8,1,
04-07-2020,12:00,Macoupin,8,0,
04-07-2020,12:00,Woodford,7,0,
04-07-2020,12:00,Iroquois,7,0,
04-07-2020,12:00,Stephenson,6,0,
04-07-2020,12:00,Jo Daviess,6,0,
04-07-2020,12:00,Boone,6,0,
04-07-2020,12:00,Vermilion,5,0,
04-07-2020,12:00,Ford,5,1,
04-07-2020,12:00,Carroll,5,1,
04-07-2020,12:00,Piatt,4,0,
04-07-2020,12:00,Jersey,4,0,
04-07-2020,12:00,Crawford,4,0,
04-07-2020,12:00,Clark,4,0,
04-07-2020,12:00,Bureau,4,0,
04-07-2020,12:00,Montgomery,3,1,
04-07-2020,12:00,Mason,3,0,
04-07-2020,12:00,Marion,3,0,
04-07-2020,12:00,Lee,3,0,
04-07-2020,12:00,Jefferson,3,0,
04-07-2020,12:00,Jasper,3,0,
04-07-2020,12:00,Fayette,3,0,
04-07-2020,12:00,Bond,3,0,
04-07-2020,12:00,Washington,2,0,
04-07-2020,12:00,Shelby,2,0,
04-07-2020,12:00,Saline,2,0,
04-07-2020,12:00,Moultrie,2,0,
04-07-2020,12:00,Mercer,2,0,
04-07-2020,12:00,Menard,2,0,
04-07-2020,12:00,Massac,2,0,
04-07-2020,12:00,Logan,2,0,
04-07-2020,12:00,Lawrence,2,0,
04-07-2020,12:00,Franklin,2,0,
04-07-2020,12:00,De Witt,2,0,
04-07-2020,12:00,Wabash,1,0,
04-07-2020,12:00,Richland,1,0,
04-07-2020,12:00,Pike,1,0,
04-07-2020,12:00,Marshall,1,0,
04-07-2020,12:00,Knox,1,0,
04-07-2020,12:00,Greene,1,0,
04-07-2020,12:00,Gallatin,1,0,
04-07-2020,12:00,Effingham,1,0,
04-07-2020,12:00,Cumberland,1,0,
04-07-2020,12:00,Coles,1,0,
04-07-2020,12:00,Calhoun,1,0,
04-06-2020,12:00,Illinois,12262,307,
04-06-2020,12:00,Chicago,5067,108,
04-06-2020,12:00,Cook,3661,101,
04-06-2020,12:00,Lake,815,15,
04-06-2020,12:00,DuPage,715,22,
04-06-2020,12:00,Will,697,19,
04-06-2020,12:00,Kane,234,15,
04-06-2020,12:00,McHenry,144,3,
04-06-2020,12:00,St. Clair,92,2,
04-06-2020,12:00,Kankakee,85,4,
04-06-2020,12:00,Unassigned,72,1,
04-06-2020,12:00,Champaign,62,0,
04-06-2020,12:00,Kendall,55,2,
04-06-2020,12:00,Madison,52,0,
04-06-2020,12:00,Winnebago,49,1,
04-06-2020,12:00,Rock Island,47,0,
04-06-2020,12:00,McLean,46,2,
04-06-2020,12:00,Sangamon,31,2,
04-06-2020,12:00,Randolph,27,0,
04-06-2020,12:00,DeKalb,22,1,
04-06-2020,12:00,Christian,22,2,
04-06-2020,12:00,Whiteside,18,1,
04-06-2020,12:00,Tazewell,14,0,
04-06-2020,12:00,Jackson,14,1,
04-06-2020,12:00,Peoria,12,1,
04-06-2020,12:00,Monroe,11,0,
04-06-2020,12:00,LaSalle,11,1,
04-06-2020,12:00,Clinton,11,0,
04-06-2020,12:00,Henry,10,0,
04-06-2020,12:00,Douglas,10,0,
04-06-2020,12:00,Macon,9,0,
04-06-2020,12:00,Livingston,9,0,
04-06-2020,12:00,Grundy,9,0,
04-06-2020,12:00,Adams,8,0,
04-06-2020,12:00,Ogle,7,0,
04-06-2020,12:00,Morgan,7,1,
04-06-2020,12:00,Macoupin,7,0,
04-06-2020,12:00,Woodford,6,0,
04-06-2020,12:00,Jo Daviess,6,0,
04-06-2020,12:00,Iroquois,6,0,
04-06-2020,12:00,Vermilion,5,0,
04-06-2020,12:00,Stephenson,5,0,
04-06-2020,12:00,Crawford,5,0,
04-06-2020,12:00,Jasper,4,0,
04-06-2020,12:00,Carroll,4,1,
04-06-2020,12:00,Boone,4,0,
04-06-2020,12:00,Williamson,3,0,
04-06-2020,12:00,Piatt,3,0,
04-06-2020,12:00,Montgomery,3,1,
04-06-2020,12:00,Marion,3,0,
04-06-2020,12:00,Jersey,3,0,
04-06-2020,12:00,Fayette,3,0,
04-06-2020,12:00,De Witt,3,0,
04-06-2020,12:00,Bureau,3,0,
04-06-2020,12:00,Bond,3,0,
04-06-2020,12:00,Washington,2,0,
04-06-2020,12:00,Mercer,2,0,
04-06-2020,12:00,Menard,2,0,
04-06-2020,12:00,Massac,2,0,
04-06-2020,12:00,Lee,2,0,
04-06-2020,12:00,Franklin,2,0,
04-06-2020,12:00,Clark,2,0,
04-06-2020,12:00,Wabash,1,0,
04-06-2020,12:00,Saline,1,0,
04-06-2020,12:00,Pike,1,0,
04-06-2020,12:00,Moultrie,1,0,
04-06-2020,12:00,Mason,1,0,
04-06-2020,12:00,Marshall,1,0,
04-06-2020,12:00,Logan,1,0,
04-06-2020,12:00,Knox,1,0,
04-06-2020,12:00,Jefferson,1,0,
04-06-2020,12:00,Gallatin,1,0,
04-06-2020,12:00,Ford,1,0,
04-06-2020,12:00,Effingham,1,0,
04-06-2020,12:00,Cumberland,1,0,
04-06-2020,12:00,Calhoun,1,0,
04-05-2020,12:00,Illinois,11256,274,
04-05-2020,12:00,Chicago,4614,90,
04-05-2020,12:00,Cook,3420,96,
04-05-2020,12:00,Lake,742,13,
04-05-2020,12:00,DuPage,656,22,
04-05-2020,12:00,Will,648,12,
04-05-2020,12:00,Kane,220,15,
04-05-2020,12:00,McHenry,133,3,
04-05-2020,12:00,St. Clair,86,2,
04-05-2020,12:00,Kankakee,76,4,
04-05-2020,12:00,Unassigned,62,1,
04-05-2020,12:00,Champaign,54,0,
04-05-2020,12:00,Kendall,49,2,
04-05-2020,12:00,Madison,48,0,
04-05-2020,12:00,McLean,46,2,
04-05-2020,12:00,Winnebago,42,1,
04-05-2020,12:00,Rock Island,40,0,
04-05-2020,12:00,Sangamon,29,2,
04-05-2020,12:00,Randolph,24,0,
04-05-2020,12:00,DeKalb,22,0,
04-05-2020,12:00,Christian,20,2,
04-05-2020,12:00,Whiteside,18,1,
04-05-2020,12:00,Peoria,14,1,
04-05-2020,12:00,Tazewell,13,0,
04-05-2020,12:00,Jackson,12,1,
04-05-2020,12:00,Monroe,10,0,
04-05-2020,12:00,Clinton,10,0,
04-05-2020,12:00,Grundy,9,0,
04-05-2020,12:00,Douglas,9,0,
04-05-2020,12:00,LaSalle,8,1,
04-05-2020,12:00,Henry,8,0,
04-05-2020,12:00,Livingston,7,0,
04-05-2020,12:00,Woodford,6,0,
04-05-2020,12:00,Morgan,6,1,
04-05-2020,12:00,Macon,6,0,
04-05-2020,12:00,Vermilion,5,0,
04-05-2020,12:00,Ogle,5,0,
04-05-2020,12:00,Macoupin,5,0,
04-05-2020,12:00,Jo Daviess,5,0,
04-05-2020,12:00,Iroquois,5,0,
04-05-2020,12:00,Carroll,4,1,
04-05-2020,12:00,Williamson,3,0,
04-05-2020,12:00,Stephenson,3,0,
04-05-2020,12:00,Montgomery,3,1,
04-05-2020,12:00,Marion,3,0,
04-05-2020,12:00,Jasper,3,0,
04-05-2020,12:00,Crawford,3,0,
04-05-2020,12:00,Bureau,3,0,
04-05-2020,12:00,Boone,3,0,
04-05-2020,12:00,Bond,3,0,
04-05-2020,12:00,Adams,3,0,
04-05-2020,12:00,Mercer,2,0,
04-05-2020,12:00,Massac,2,0,
04-05-2020,12:00,Lee,2,0,
04-05-2020,12:00,Jersey,2,0,
04-05-2020,12:00,Fayette,2,0,
04-05-2020,12:00,De Witt,2,0,
04-05-2020,12:00,Clark,2,0,
04-05-2020,12:00,Washington,1,0,
04-05-2020,12:00,Saline,1,0,
04-05-2020,12:00,Pike,1,0,
04-05-2020,12:00,Piatt,1,0,
04-05-2020,12:00,Moultrie,1,0,
04-05-2020,12:00,Menard,1,0,
04-05-2020,12:00,Mason,1,0,
04-05-2020,12:00,Marshall,1,0,
04-05-2020,12:00,Logan,1,0,
04-05-2020,12:00,Knox,1,0,
04-05-2020,12:00,Gallatin,1,0,
04-05-2020,12:00,Franklin,1,0,
04-05-2020,12:00,Ford,1,0,
04-05-2020,12:00,Effingham,1,0,
04-05-2020,12:00,Cumberland,1,0,
04-05-2020,12:00,Calhoun,1,0,
04-04-2020,12:00,Illinois,10357,243,
04-04-2020,12:00,Chicago,4296,76,
04-04-2020,12:00,Cook,3143,91,
04-04-2020,12:00,Lake,683,12,
04-04-2020,12:00,DuPage,590,18,
04-04-2020,12:00,Will,582,11,
04-04-2020,12:00,Kane,207,12,
04-04-2020,12:00,McHenry,122,3,
04-04-2020,12:00,St. Clair,80,2,
04-04-2020,12:00,Kankakee,68,3,
04-04-2020,12:00,Unassigned,61,1,
04-04-2020,12:00,Champaign,52,0,
04-04-2020,12:00,Madison,47,0,
04-04-2020,12:00,Kendall,47,2,
04-04-2020,12:00,McLean,40,2,
04-04-2020,12:00,Winnebago,36,1,
04-04-2020,12:00,Rock Island,29,0,
04-04-2020,12:00,Sangamon,25,2,
04-04-2020,12:00,Randolph,20,0,
04-04-2020,12:00,DeKalb,19,0,
04-04-2020,12:00,Christian,17,2,
04-04-2020,12:00,Whiteside,15,1,
04-04-2020,12:00,Peoria,11,0,
04-04-2020,12:00,Tazewell,10,0,
04-04-2020,12:00,Jackson,10,1,
04-04-2020,12:00,Clinton,10,0,
04-04-2020,12:00,Monroe,9,0,
04-04-2020,12:00,Grundy,9,0,
04-04-2020,12:00,Douglas,9,0,
04-04-2020,12:00,LaSalle,7,1,
04-04-2020,12:00,Henry,7,0,
04-04-2020,12:00,Woodford,6,0,
04-04-2020,12:00,Morgan,6,1,
04-04-2020,12:00,Livingston,6,0,
04-04-2020,12:00,Vermilion,5,0,
04-04-2020,12:00,Macon,5,0,
04-04-2020,12:00,Ogle,4,0,
04-04-2020,12:00,Macoupin,4,0,
04-04-2020,12:00,Jo Daviess,4,0,
04-04-2020,12:00,Iroquois,4,0,
04-04-2020,12:00,Carroll,4,1,
04-04-2020,12:00,Williamson,3,0,
04-04-2020,12:00,Stephenson,3,0,
04-04-2020,12:00,Marion,3,0,
04-04-2020,12:00,Bureau,3,0,
04-04-2020,12:00,Bond,3,0,
04-04-2020,12:00,Adams,3,0,
04-04-2020,12:00,Montgomery,2,0,
04-04-2020,12:00,Lee,2,0,
04-04-2020,12:00,Jasper,2,0,
04-04-2020,12:00,Fayette,2,0,
04-04-2020,12:00,Crawford,2,0,
04-04-2020,12:00,Clark,2,0,
04-04-2020,12:00,Washington,1,0,
04-04-2020,12:00,Saline,1,0,
04-04-2020,12:00,Pike,1,0,
04-04-2020,12:00,Piatt,1,0,
04-04-2020,12:00,Moultrie,1,0,
04-04-2020,12:00,Mercer,1,0,
04-04-2020,12:00,Menard,1,0,
04-04-2020,12:00,Massac,1,0,
04-04-2020,12:00,Mason,1,0,
04-04-2020,12:00,Marshall,1,0,
04-04-2020,12:00,Logan,1,0,
04-04-2020,12:00,Knox,1,0,
04-04-2020,12:00,Jersey,1,0,
04-04-2020,12:00,Franklin,1,0,
04-04-2020,12:00,Ford,1,0,
04-04-2020,12:00,Effingham,1,0,
04-04-2020,12:00,De Witt,1,0,
04-04-2020,12:00,Cumberland,1,0,
04-03-2020,12:00,Illinois,8904,210,
04-03-2020,12:00,Chicago,3815,57,
04-03-2020,12:00,Cook,2711,84,
04-03-2020,12:00,Lake,608,13,
04-03-2020,12:00,DuPage,500,16,
04-03-2020,12:00,Will,455,10,
04-03-2020,12:00,Kane,176,9,
04-03-2020,12:00,McHenry,102,3,
04-03-2020,12:00,Kankakee,58,2,
04-03-2020,12:00,St. Clair,57,2,
04-03-2020,12:00,Champaign,51,0,
04-03-2020,12:00,Kendall,37,2,
04-03-2020,12:00,McLean,35,2,
04-03-2020,12:00,Madison,31,0,
04-03-2020,12:00,Winnebago,28,1,
04-03-2020,12:00,Rock Island,24,0,
04-03-2020,12:00,Sangamon,20,2,
04-03-2020,12:00,Christian,17,2,
04-03-2020,12:00,DeKalb,16,0,
04-03-2020,12:00,Randolph,12,0,
04-03-2020,12:00,Peoria,11,0,
04-03-2020,12:00,Whiteside,9,1,
04-03-2020,12:00,Douglas,9,0,
04-03-2020,12:00,Monroe,8,0,
04-03-2020,12:00,Jackson,8,0,
04-03-2020,12:00,Clinton,8,0,
04-03-2020,12:00,Tazewell,7,0,
04-03-2020,12:00,Henry,7,0,
04-03-2020,12:00,Grundy,7,0,
04-03-2020,12:00,Livingston,6,0,
04-03-2020,12:00,LaSalle,6,1,
04-03-2020,12:00,Morgan,5,1,
04-03-2020,12:00,Woodford,4,0,
04-03-2020,12:00,Jo Daviess,4,0,
04-03-2020,12:00,Iroquois,4,0,
04-03-2020,12:00,Carroll,4,1,
04-03-2020,12:00,Stephenson,3,0,
04-03-2020,12:00,Marion,3,0,
04-03-2020,12:00,Bond,3,0,
04-03-2020,12:00,Williamson,2,0,
04-03-2020,12:00,Vermilion,2,0,
04-03-2020,12:00,Montgomery,2,0,
04-03-2020,12:00,Macon,2,0,
04-03-2020,12:00,Fayette,2,0,
04-03-2020,12:00,Clark,2,0,
04-03-2020,12:00,Bureau,2,0,
04-03-2020,12:00,Adams,2,0,
04-03-2020,12:00,Washington,1,0,
04-03-2020,12:00,Saline,1,0,
04-03-2020,12:00,Piatt,1,0,
04-03-2020,12:00,Ogle,1,0,
04-03-2020,12:00,Moultrie,1,0,
04-03-2020,12:00,Mercer,1,0,
04-03-2020,12:00,Menard,1,0,
04-03-2020,12:00,Massac,1,0,
04-03-2020,12:00,Marshall,1,0,
04-03-2020,12:00,Macoupin,1,0,
04-03-2020,12:00,Logan,1,0,
04-03-2020,12:00,Knox,1,0,
04-03-2020,12:00,Jersey,1,0,
04-03-2020,12:00,Franklin,1,0,
04-03-2020,12:00,Ford,1,0,
04-03-2020,12:00,Effingham,1,0,
04-03-2020,12:00,De Witt,1,0,
04-03-2020,12:00,Cumberland,1,0,
04-03-2020,12:00,Crawford,1,0,
04-02-2020,12:00,Illinois,7695,157,
04-02-2020,12:00,Chicago,3279,41,
04-02-2020,12:00,Cook,2296,66,
04-02-2020,12:00,Lake,540,2,
04-02-2020,12:00,DuPage,448,14,
04-02-2020,12:00,Will,384,8,
04-02-2020,12:00,Kane,154,8,
04-02-2020,12:00,McHenry,81,3,
04-02-2020,12:00,St. Clair,55,2,
04-02-2020,12:00,Kankakee,55,0,
04-02-2020,12:00,Champaign,43,0,
04-02-2020,12:00,Kendall,36,2,
04-02-2020,12:00,McLean,32,2,
04-02-2020,12:00,Madison,29,0,
04-02-2020,12:00,Winnebago,24,1,
04-02-2020,12:00,Rock Island,21,0,
04-02-2020,12:00,Sangamon,18,2,
04-02-2020,12:00,DeKalb,16,0,
04-02-2020,12:00,Christian,15,1,
04-02-2020,12:00,Peoria,11,0,
04-02-2020,12:00,Randolph,8,0,
04-02-2020,12:00,Douglas,8,0,
04-02-2020,12:00,Clinton,8,0,
04-02-2020,12:00,Whiteside,6,1,
04-02-2020,12:00,LaSalle,6,1,
04-02-2020,12:00,Jackson,6,0,
04-02-2020,12:00,Tazewell,5,0,
04-02-2020,12:00,Morgan,5,1,
04-02-2020,12:00,Livingston,5,0,
04-02-2020,12:00,Grundy,5,0,
04-02-2020,12:00,Monroe,4,0,
04-02-2020,12:00,Henry,4,0,
04-02-2020,12:00,Carroll,4,1,
04-02-2020,12:00,Woodford,3,0,
04-02-2020,12:00,Stephenson,3,0,
04-02-2020,12:00,Jo Daviess,3,0,
04-02-2020,12:00,Bond,3,0,
04-02-2020,12:00,Vermilion,2,0,
04-02-2020,12:00,Montgomery,2,0,
04-02-2020,12:00,Marion,2,0,
04-02-2020,12:00,Macon,2,0,
04-02-2020,12:00,Iroquois,2,0,
04-02-2020,12:00,Fayette,2,0,
04-02-2020,12:00,Clark,2,0,
04-02-2020,12:00,Bureau,2,0,
04-02-2020,12:00,Adams,2,0,
04-02-2020,12:00,Williamson,1,0,
04-02-2020,12:00,Washington,1,0,
04-02-2020,12:00,Saline,1,0,
04-02-2020,12:00,Piatt,1,0,
04-02-2020,12:00,Ogle,1,0,
04-02-2020,12:00,Moultrie,1,0,
04-02-2020,12:00,Mercer,1,0,
04-02-2020,12:00,Menard,1,0,
04-02-2020,12:00,Massac,1,0,
04-02-2020,12:00,Marshall,1,0,
04-02-2020,12:00,Macoupin,1,0,
04-02-2020,12:00,Logan,1,0,
04-02-2020,12:00,Knox,1,0,
04-02-2020,12:00,Franklin,1,0,
04-02-2020,12:00,Ford,1,0,
04-02-2020,12:00,Cumberland,1,0,
04-02-2020,12:00,Crawford,1,0,
04-01-2020,12:00,Illinois,6980,141,
04-01-2020,12:00,Chicago,3087,39,
04-01-2020,12:00,Cook,2065,56,
04-01-2020,12:00,Lake,477,3,
04-01-2020,12:00,DuPage,392,12,
04-01-2020,12:00,Will,322,9,
04-01-2020,12:00,Kane,142,8,
04-01-2020,12:00,McHenry,69,2,
04-01-2020,12:00,St. Clair,53,2,
04-01-2020,12:00,Kankakee,51,0,
04-01-2020,12:00,Champaign,33,0,
04-01-2020,12:00,Kendall,27,2,
04-01-2020,12:00,Madison,25,0,
04-01-2020,12:00,Winnebago,18,1,
04-01-2020,12:00,McLean,18,2,
04-01-2020,12:00,Sangamon,17,2,
04-01-2020,12:00,Rock Island,17,0,
04-01-2020,12:00,DeKalb,14,0,
04-01-2020,12:00,Christian,14,0,
04-01-2020,12:00,Peoria,10,0,
04-01-2020,12:00,Douglas,8,0,
04-01-2020,12:00,Clinton,8,0,
04-01-2020,12:00,Randolph,7,0,
04-01-2020,12:00,LaSalle,6,1,
04-01-2020,12:00,Whiteside,5,0,
04-01-2020,12:00,Morgan,5,1,
04-01-2020,12:00,Livingston,5,0,
04-01-2020,12:00,Tazewell,4,0,
04-01-2020,12:00,Jackson,4,0,
04-01-2020,12:00,Grundy,4,0,
04-01-2020,12:00,Woodford,3,0,
04-01-2020,12:00,Stephenson,3,0,
04-01-2020,12:00,Monroe,3,0,
04-01-2020,12:00,Jo Daviess,3,0,
04-01-2020,12:00,Henry,3,0,
04-01-2020,12:00,Carroll,3,1,
04-01-2020,12:00,Montgomery,2,0,
04-01-2020,12:00,Marion,2,0,
04-01-2020,12:00,Macon,2,0,
04-01-2020,12:00,Iroquois,2,0,
04-01-2020,12:00,Fayette,2,0,
04-01-2020,12:00,Bureau,2,0,
04-01-2020,12:00,Bond,2,0,
04-01-2020,12:00,Adams,2,0,
04-01-2020,12:00,Williamson,1,0,
04-01-2020,12:00,Washington,1,0,
04-01-2020,12:00,Vermilion,1,0,
04-01-2020,12:00,Saline,1,0,
04-01-2020,12:00,Ogle,1,0,
04-01-2020,12:00,Menard,1,0,
04-01-2020,12:00,Massac,1,0,
04-01-2020,12:00,Marshall,1,0,
04-01-2020,12:00,Knox,1,0,
04-01-2020,12:00,Franklin,1,0,
04-01-2020,12:00,Ford,1,0,
04-01-2020,12:00,Cumberland,1,0,
04-01-2020,12:00,Crawford,1,0,
04-01-2020,12:00,Clark,1,0,
03-31-2020,12:00,Illinois,5994,98,
03-31-2020,12:00,Chicago,2693,21,
03-31-2020,12:00,Cook,1803,39,
03-31-2020,12:00,Lake,389,2,
03-31-2020,12:00,DuPage,356,10,
03-31-2020,12:00,Will,228,8,
03-31-2020,12:00,Kane,128,7,
03-31-2020,12:00,McHenry,63,2,
03-31-2020,12:00,St. Clair,43,2,
03-31-2020,12:00,Kankakee,42,0,
03-31-2020,12:00,Champaign,26,0,
03-31-2020,12:00,McLean,19,2,
03-31-2020,12:00,Kendall,19,2,
03-31-2020,12:00,Madison,16,0,
03-31-2020,12:00,Winnebago,15,0,
03-31-2020,12:00,Sangamon,14,1,
03-31-2020,12:00,Christian,13,0,
03-31-2020,12:00,Rock Island,11,0,
03-31-2020,12:00,DeKalb,9,0,
03-31-2020,12:00,Peoria,8,0,
03-31-2020,12:00,Clinton,7,0,
03-31-2020,12:00,Whiteside,5,0,
03-31-2020,12:00,LaSalle,5,1,
03-31-2020,12:00,Tazewell,4,0,
03-31-2020,12:00,Morgan,4,1,
03-31-2020,12:00,Jackson,4,0,
03-31-2020,12:00,Grundy,4,0,
03-31-2020,12:00,Woodford,3,0,
03-31-2020,12:00,Stephenson,3,0,
03-31-2020,12:00,Randolph,3,0,
03-31-2020,12:00,Monroe,3,0,
03-31-2020,12:00,Livingston,3,0,
03-31-2020,12:00,Douglas,3,0,
03-31-2020,12:00,Montgomery,2,0,
03-31-2020,12:00,Marion,2,0,
03-31-2020,12:00,Macon,2,0,
03-31-2020,12:00,Iroquois,2,0,
03-31-2020,12:00,Henry,2,0,
03-31-2020,12:00,Carroll,2,0,
03-31-2020,12:00,Bond,2,0,
03-31-2020,12:00,Adams,2,0,
03-31-2020,12:00,Williamson,1,0,
03-31-2020,12:00,Washington,1,0,
03-31-2020,12:00,Saline,1,0,
03-31-2020,12:00,Ogle,1,0,
03-31-2020,12:00,Menard,1,0,
03-31-2020,12:00,Marshall,1,0,
03-31-2020,12:00,Knox,1,0,
03-31-2020,12:00,Jo Daviess,1,0,
03-31-2020,12:00,Franklin,1,0,
03-31-2020,12:00,Ford,1,0,
03-31-2020,12:00,Fayette,1,0,
03-31-2020,12:00,Cumberland,1,0,
03-31-2020,12:00,Crawford,1,0,
03-31-2020,12:00,Clark,1,0,
03-31-2020,12:00,Bureau,1,0,
03-30-2020,12:00,Illinois,5056,72,
03-30-2020,12:00,Chicago,2198,16,
03-30-2020,12:00,Cook,1529,28,
03-30-2020,12:00,Lake,343,1,
03-30-2020,12:00,DuPage,320,8,
03-30-2020,12:00,Will,223,5,
03-30-2020,12:00,Kane,113,6,
03-30-2020,12:00,McHenry,52,2,
03-30-2020,12:00,St. Clair,36,1,
03-30-2020,12:00,Kankakee,33,0,
03-30-2020,12:00,Champaign,23,0,
03-30-2020,12:00,Kendall,18,2,
03-30-2020,12:00,McLean,17,1,
03-30-2020,12:00,Winnebago,13,0,
03-30-2020,12:00,Madison,13,0,
03-30-2020,12:00,Sangamon,12,1,
03-30-2020,12:00,Christian,12,0,
03-30-2020,12:00,Rock Island,8,0,
03-30-2020,12:00,Peoria,8,0,
03-30-2020,12:00,DeKalb,8,0,
03-30-2020,12:00,Clinton,6,0,
03-30-2020,12:00,LaSalle,5,1,
03-30-2020,12:00,Whiteside,4,0,
03-30-2020,12:00,Tazewell,4,0,
03-30-2020,12:00,Morgan,4,0,
03-30-2020,12:00,Woodford,3,0,
03-30-2020,12:00,Stephenson,3,0,
03-30-2020,12:00,Monroe,3,0,
03-30-2020,12:00,Jackson,3,0,
03-30-2020,12:00,Grundy,3,0,
03-30-2020,12:00,Randolph,2,0,
03-30-2020,12:00,Marion,2,0,
03-30-2020,12:00,Macon,2,0,
03-30-2020,12:00,Livingston,2,0,
03-30-2020,12:00,Iroquois,2,0,
03-30-2020,12:00,Henry,2,0,
03-30-2020,12:00,Adams,2,0,
03-30-2020,12:00,Williamson,1,0,
03-30-2020,12:00,Washington,1,0,
03-30-2020,12:00,Saline,1,0,
03-30-2020,12:00,Montgomery,1,0,
03-30-2020,12:00,Menard,1,0,
03-30-2020,12:00,Marshall,1,0,
03-30-2020,12:00,Knox,1,0,
03-30-2020,12:00,Jo Daviess,1,0,
03-30-2020,12:00,Franklin,1,0,
03-30-2020,12:00,Fayette,1,0,
03-30-2020,12:00,Douglas,1,0,
03-30-2020,12:00,Cumberland,1,0,
03-30-2020,12:00,Crawford,1,0,
03-30-2020,12:00,Clark,1,0,
03-30-2020,12:00,Carroll,1,0,
03-30-2020,12:00,Bureau,1,0,
03-30-2020,12:00,Bond,1,0,
03-29-2020,12:00,Illinois,4596,65,
03-29-2020,12:00,Chicago,2026,16,
03-29-2020,12:00,Cook,1419,24,
03-29-2020,12:00,Lake,300,1,
03-29-2020,12:00,DuPage,274,7,
03-29-2020,12:00,Will,182,4,
03-29-2020,12:00,Kane,100,6,
03-29-2020,12:00,McHenry,52,2,
03-29-2020,12:00,Kankakee,33,0,
03-29-2020,12:00,St. Clair,31,1,
03-29-2020,12:00,Champaign,21,0,
03-29-2020,12:00,Kendall,15,1,
03-29-2020,12:00,McLean,14,1,
03-29-2020,12:00,Winnebago,12,0,
03-29-2020,12:00,Madison,12,0,
03-29-2020,12:00,Sangamon,10,1,
03-29-2020,12:00,Peoria,8,0,
03-29-2020,12:00,DeKalb,8,0,
03-29-2020,12:00,Clinton,6,0,
03-29-2020,12:00,Christian,6,0,
03-29-2020,12:00,Rock Island,5,0,
03-29-2020,12:00,Tazewell,4,0,
03-29-2020,12:00,LaSalle,4,1,
03-29-2020,12:00,Woodford,3,0,
03-29-2020,12:00,Whiteside,3,0,
03-29-2020,12:00,Stephenson,3,0,
03-29-2020,12:00,Morgan,3,0,
03-29-2020,12:00,Monroe,3,0,
03-29-2020,12:00,Jackson,3,0,
03-29-2020,12:00,Grundy,3,0,
03-29-2020,12:00,Macon,2,0,
03-29-2020,12:00,Livingston,2,0,
03-29-2020,12:00,Iroquois,2,0,
03-29-2020,12:00,Henry,2,0,
03-29-2020,12:00,Franklin,2,0,
03-29-2020,12:00,Adams,2,0,
03-29-2020,12:00,Williamson,1,0,
03-29-2020,12:00,Washington,1,0,
03-29-2020,12:00,Montgomery,1,0,
03-29-2020,12:00,Marshall,1,0,
03-29-2020,12:00,Knox,1,0,
03-29-2020,12:00,Jo Daviess,1,0,
03-29-2020,12:00,Jefferson,1,0,
03-29-2020,12:00,Fayette,1,0,
03-29-2020,12:00,Douglas,1,0,
03-29-2020,12:00,Cumberland,1,0,
03-29-2020,12:00,Carroll,1,0,
03-29-2020,12:00,Bureau,1,0,
03-29-2020,12:00,Bond,1,0,
03-28-2020,12:00,Illinois,3491,47,
03-28-2020,12:00,Chicago,1610,12,
03-28-2020,12:00,Cook,1003,16,
03-28-2020,12:00,Lake,241,1,
03-28-2020,12:00,DuPage,202,6,
03-28-2020,12:00,Will,127,4,
03-28-2020,12:00,Kane,90,4,
03-28-2020,12:00,McHenry,47,2,
03-28-2020,12:00,Kankakee,27,0,
03-28-2020,12:00,St. Clair,18,0,
03-28-2020,12:00,Kendall,11,0,
03-28-2020,12:00,Champaign,11,0,
03-28-2020,12:00,Madison,10,0,
03-28-2020,12:00,McLean,10,1,
03-28-2020,12:00,Winnebago,9,0,
03-28-2020,12:00,Sangamon,8,1,
03-28-2020,12:00,Peoria,7,0,
03-28-2020,12:00,Clinton,5,0,
03-28-2020,12:00,Rock Island,4,0,
03-28-2020,12:00,DeKalb,4,0,
03-28-2020,12:00,Woodford,3,0,
03-28-2020,12:00,Tazewell,3,0,
03-28-2020,12:00,Morgan,3,0,
03-28-2020,12:00,Monroe,3,0,
03-28-2020,12:00,LaSalle,3,0,
03-28-2020,12:00,Whiteside,2,0,
03-28-2020,12:00,Stephenson,2,0,
03-28-2020,12:00,Livingston,2,0,
03-28-2020,12:00,Jackson,2,0,
03-28-2020,12:00,Iroquois,2,0,
03-28-2020,12:00,Henry,2,0,
03-28-2020,12:00,Grundy,2,0,
03-28-2020,12:00,Williamson,1,0,
03-28-2020,12:00,Washington,1,0,
03-28-2020,12:00,Marshall,1,0,
03-28-2020,12:00,Macon,1,0,
03-28-2020,12:00,Jo Daviess,1,0,
03-28-2020,12:00,Franklin,1,0,
03-28-2020,12:00,Fayette,1,0,
03-28-2020,12:00,Douglas,1,0,
03-28-2020,12:00,Cumberland,1,0,
03-28-2020,12:00,Christian,1,0,
03-28-2020,12:00,Carroll,1,0,
03-28-2020,12:00,Bureau,1,0,
03-28-2020,12:00,Adams,1,0,
03-27-2020,12:00,Illinois,3026,34,
03-27-2020,12:00,Chicago,1364,9,
03-27-2020,12:00,Cook,875,11,
03-27-2020,12:00,Lake,230,0,
03-27-2020,12:00,DuPage,199,6,
03-27-2020,12:00,Will,104,3,
03-27-2020,12:00,Kane,75,2,
03-27-2020,12:00,McHenry,45,1,
03-27-2020,12:00,Kankakee,17,0,
03-27-2020,12:00,St. Clair,15,0,
03-27-2020,12:00,McLean,10,1,
03-27-2020,12:00,Champaign,10,0,
03-27-2020,12:00,Winnebago,8,0,
03-27-2020,12:00,Madison,8,0,
03-27-2020,12:00,Kendall,8,0,
03-27-2020,12:00,Sangamon,7,1,
03-27-2020,12:00,Peoria,6,0,
03-27-2020,12:00,Clinton,5,0,
03-27-2020,12:00,Rock Island,4,0,
03-27-2020,12:00,DeKalb,4,0,
03-27-2020,12:00,Woodford,3,0,
03-27-2020,12:00,Monroe,3,0,
03-27-2020,12:00,LaSalle,3,0,
03-27-2020,12:00,Whiteside,2,0,
03-27-2020,12:00,Tazewell,2,0,
03-27-2020,12:00,Stephenson,2,0,
03-27-2020,12:00,Livingston,2,0,
03-27-2020,12:00,Grundy,2,0,
03-27-2020,12:00,Williamson,1,0,
03-27-2020,12:00,Washington,1,0,
03-27-2020,12:00,Morgan,1,0,
03-27-2020,12:00,Marshall,1,0,
03-27-2020,12:00,Jo Daviess,1,0,
03-27-2020,12:00,Jackson,1,0,
03-27-2020,12:00,Iroquois,1,0,
03-27-2020,12:00,Henry,1,0,
03-27-2020,12:00,Franklin,1,0,
03-27-2020,12:00,Douglas,1,0,
03-27-2020,12:00,Cumberland,1,0,
03-27-2020,12:00,Christian,1,0,
03-27-2020,12:00,Bureau,1,0,
03-27-2020,12:00,Adams,1,0,
03-26-2020,12:00,Illinois,2538,26,
03-26-2020,12:00,Chicago,1161,9,
03-26-2020,12:00,Cook,743,9,
03-26-2020,12:00,Lake,185,0,
03-26-2020,12:00,DuPage,182,1,
03-26-2020,12:00,Will,67,3,
03-26-2020,12:00,Kane,57,1,
03-26-2020,12:00,McHenry,27,1,
03-26-2020,12:00,Kankakee,15,0,
03-26-2020,12:00,St. Clair,13,0,
03-26-2020,12:00,Winnebago,8,0,
03-26-2020,12:00,Champaign,8,0,
03-26-2020,12:00,Sangamon,7,1,
03-26-2020,12:00,McLean,7,1,
03-26-2020,12:00,Kendall,7,0,
03-26-2020,12:00,Madison,6,0,
03-26-2020,12:00,Peoria,5,0,
03-26-2020,12:00,Clinton,5,0,
03-26-2020,12:00,Rock Island,4,0,
03-26-2020,12:00,Woodford,3,0,
03-26-2020,12:00,Monroe,3,0,
03-26-2020,12:00,LaSalle,3,0,
03-26-2020,12:00,DeKalb,3,0,
03-26-2020,12:00,Tazewell,2,0,
03-26-2020,12:00,Stephenson,2,0,
03-26-2020,12:00,Grundy,2,0,
03-26-2020,12:00,Williamson,1,0,
03-26-2020,12:00,Whiteside,1,0,
03-26-2020,12:00,Washington,1,0,
03-26-2020,12:00,Morgan,1,0,
03-26-2020,12:00,Marshall,1,0,
03-26-2020,12:00,Livingston,1,0,
03-26-2020,12:00,Jo Daviess,1,0,
03-26-2020,12:00,Jackson,1,0,
03-26-2020,12:00,Franklin,1,0,
03-26-2020,12:00,Douglas,1,0,
03-26-2020,12:00,Cumberland,1,0,
03-26-2020,12:00,Christian,1,0,
03-26-2020,12:00,Adams,1,0,
03-25-2020,12:00,Illinois,1865,19,
03-25-2020,12:00,Chicago,915,5,
03-25-2020,12:00,Cook,503,8,
03-25-2020,12:00,Lake,139,0,
03-25-2020,12:00,DuPage,131,1,
03-25-2020,12:00,Will,40,2,
03-25-2020,12:00,Kane,38,1,
03-25-2020,12:00,McHenry,19,0,
03-25-2020,12:00,Winnebago,7,0,
03-25-2020,12:00,St. Clair,7,0,
03-25-2020,12:00,McLean,7,1,
03-25-2020,12:00,Kendall,6,0,
03-25-2020,12:00,Kankakee,6,0,
03-25-2020,12:00,Sangamon,5,1,
03-25-2020,12:00,Peoria,4,0,
03-25-2020,12:00,Clinton,4,0,
03-25-2020,12:00,Champaign,4,0,
03-25-2020,12:00,Woodford,3,0,
03-25-2020,12:00,Rock Island,3,0,
03-25-2020,12:00,Madison,3,0,
03-25-2020,12:00,LaSalle,3,0,
03-25-2020,12:00,Monroe,2,0,
03-25-2020,12:00,Williamson,1,0,
03-25-2020,12:00,Whiteside,1,0,
03-25-2020,12:00,Washington,1,0,
03-25-2020,12:00,Stephenson,1,0,
03-25-2020,12:00,Morgan,1,0,
03-25-2020,12:00,Marshall,1,0,
03-25-2020,12:00,Livingston,1,0,
03-25-2020,12:00,Jo Daviess,1,0,
03-25-2020,12:00,Jackson,1,0,
03-25-2020,12:00,Douglas,1,0,
03-25-2020,12:00,DeKalb,1,0,
03-25-2020,12:00,Cumberland,1,0,
03-25-2020,12:00,Christian,1,0,
03-25-2020,12:00,Adams,1,0,
03-24-2020,12:00,Illinois,1535,16,
03-24-2020,12:00,Chicago,782,5,
03-24-2020,12:00,Cook,412,7,
03-24-2020,12:00,Lake,111,0,
03-24-2020,12:00,DuPage,103,1,
03-24-2020,12:00,Will,28,1,
03-24-2020,12:00,Kane,24,0,
03-24-2020,12:00,McHenry,14,0,
03-24-2020,12:00,St. Clair,7,0,
03-24-2020,12:00,McLean,7,1,
03-24-2020,12:00,Winnebago,5,0,
03-24-2020,12:00,Sangamon,5,1,
03-24-2020,12:00,Kendall,4,0,
03-24-2020,12:00,Kankakee,4,0,
03-24-2020,12:00,Woodford,3,0,
03-24-2020,12:00,Peoria,3,0,
03-24-2020,12:00,LaSalle,3,0,
03-24-2020,12:00,Clinton,3,0,
03-24-2020,12:00,Madison,2,0,
03-24-2020,12:00,Champaign,2,0,
03-24-2020,12:00,Whiteside,1,0,
03-24-2020,12:00,Washington,1,0,
03-24-2020,12:00,Stephenson,1,0,
03-24-2020,12:00,Rock Island,1,0,
03-24-2020,12:00,Monroe,1,0,
03-24-2020,12:00,Livingston,1,0,
03-24-2020,12:00,Jo Daviess,1,0,
03-24-2020,12:00,Jackson,1,0,
03-24-2020,12:00,Grundy,1,0,
03-24-2020,12:00,DeKalb,1,0,
03-24-2020,12:00,Cumberland,1,0,
03-24-2020,12:00,Christian,1,0,
03-24-2020,12:00,Adams,1,0,
03-22-2020,12:00,Illinois,1049,9,
03-22-2020,12:00,Chicago,519,4,
03-22-2020,12:00,Cook,286,2,
03-22-2020,12:00,DuPage,79,0,
03-22-2020,12:00,Lake,69,0,
03-22-2020,12:00,Will,21,1,
03-22-2020,12:00,Kane,13,0,
03-22-2020,12:00,McHenry,12,0,
03-22-2020,12:00,McLean,6,1,
03-22-2020,12:00,Winnebago,5,0,
03-22-2020,12:00,Sangamon,4,1,
03-22-2020,12:00,Kendall,4,0,
03-22-2020,12:00,St. Clair,3,0,
03-22-2020,12:00,Peoria,3,0,
03-22-2020,12:00,Clinton,3,0,
03-22-2020,12:00,Woodford,2,0,
03-22-2020,12:00,Madison,2,0,
03-22-2020,12:00,Kankakee,2,0,
03-22-2020,12:00,Champaign,2,0,
03-22-2020,12:00,Williamson,1,0,
03-22-2020,12:00,Whiteside,1,0,
03-22-2020,12:00,Washington,1,0,
03-22-2020,12:00,Stephenson,1,0,
03-22-2020,12:00,Rock Island,1,0,
03-22-2020,12:00,Livingston,1,0,
03-22-2020,12:00,LaSalle,1,0,
03-22-2020,12:00,Jo Daviess,1,0,
03-22-2020,12:00,Jackson,1,0,
03-22-2020,12:00,DeKalb,1,0,
03-22-2020,12:00,Cumberland,1,0,
03-22-2020,12:00,Christian,1,0,
03-22-2020,12:00,Adams,1,0,
03-21-2020,12:00,Illinois,753,6,
03-21-2020,12:00,Cook,548,4,
03-21-2020,12:00,DuPage,65,0,
03-21-2020,12:00,Lake,63,0,
03-21-2020,12:00,Will,12,1,
03-21-2020,12:00,McHenry,11,0,
03-21-2020,12:00,Kane,8,0,
03-21-2020,12:00,McLean,6,0,
03-21-2020,12:00,Winnebago,4,0,
03-21-2020,12:00,Sangamon,4,1,
03-21-2020,12:00,St. Clair,3,0,
03-21-2020,12:00,Peoria,3,0,
03-21-2020,12:00,Clinton,3,0,
03-21-2020,12:00,Woodford,2,0,
03-21-2020,12:00,Madison,2,0,
03-21-2020,12:00,Kendall,2,0,
03-21-2020,12:00,Kankakee,2,0,
03-21-2020,12:00,Williamson,1,0,
03-21-2020,12:00,Whiteside,1,0,
03-21-2020,12:00,Washington,1,0,
03-21-2020,12:00,LaSalle,1,0,
03-21-2020,12:00,Jackson,1,0,
03-21-2020,12:00,DeKalb,1,0,
03-21-2020,12:00,Cumberland,1,0,
03-21-2020,12:00,Christian,1,0,
03-21-2020,12:00,Champaign,1,0,
03-21-2020,12:00,Adams,1,0,
03-20-2020,12:00,Illinois,585,5,
03-20-2020,12:00,Cook,411,3,
03-20-2020,12:00,DuPage,57,0,
03-20-2020,12:00,Lake,53,0,
03-20-2020,12:00,Will,10,1,
03-20-2020,12:00,McHenry,8,0,
03-20-2020,12:00,Kane,8,0,
03-20-2020,12:00,Sangamon,4,1,
03-20-2020,12:00,McLean,4,0,
03-20-2020,12:00,St. Clair,3,0,
03-20-2020,12:00,Peoria,3,0,
03-20-2020,12:00,Clinton,3,0,
03-20-2020,12:00,Woodford,2,0,
03-20-2020,12:00,Winnebago,2,0,
03-20-2020,12:00,Kendall,2,0,
03-20-2020,12:00,Williamson,1,1,
03-20-2020,12:00,Whiteside,1,0,
03-20-2020,12:00,Washington,1,0,
03-20-2020,12:00,Madison,1,0,
03-20-2020,12:00,LaSalle,1,0,
03-20-2020,12:00,Kankakee,1,0,
03-20-2020,12:00,Jackson,1,0,
03-20-2020,12:00,Cumberland,1,0,
03-20-2020,12:00,Christian,1,0,
03-20-2020,12:00,Champaign,1,0,
03-20-2020,12:00,Adams,1,0,
03-19-2020,12:00,Illinois,422,3,
03-19-2020,12:00,Cook,278,2,
03-19-2020,12:00,DuPage,54,0,
03-19-2020,12:00,Lake,37,0,
03-19-2020,12:00,Will,9,0,
03-19-2020,12:00,McHenry,6,0,
03-19-2020,12:00,Kane,6,0,
03-19-2020,12:00,Sangamon,4,0,
03-19-2020,12:00,St. Clair,3,0,
03-19-2020,12:00,Peoria,3,0,
03-19-2020,12:00,Clinton,3,0,
03-19-2020,12:00,Woodford,2,0,
03-19-2020,12:00,Winnebago,1,0,
03-19-2020,12:00,Williamson,1,1,
03-19-2020,12:00,Whiteside,1,0,
03-19-2020,12:00,Washington,1,0,
03-19-2020,12:00,Madison,1,0,
03-19-2020,12:00,LaSalle,1,0,
03-19-2020,12:00,Kendall,1,0,
03-19-2020,12:00,Kankakee,1,0,
03-19-2020,12:00,Jackson,1,0,
03-19-2020,12:00,Cumberland,1,0,
03-19-2020,12:00,Champaign,1,0,
03-18-2020,12:00,Illinois,288,1,
03-18-2020,12:00,Cook,178,1,
03-18-2020,12:00,DuPage,45,0,
03-18-2020,12:00,Lake,18,0,
03-18-2020,12:00,McHenry,4,0,
03-18-2020,12:00,Kane,4,0,
03-18-2020,12:00,Will,3,0,
03-18-2020,12:00,Sangamon,3,0,
03-18-2020,12:00,St. Clair,3,0,
03-18-2020,12:00,Peoria,3,0,
03-18-2020,12:00,Clinton,3,0,
03-18-2020,12:00,Kendall,2,0,
03-18-2020,12:00,Woodford,1,0,
03-18-2020,12:00,Winnebago,1,0,
03-18-2020,12:00,Whiteside,1,0,
03-18-2020,12:00,Madison,1,0,
03-18-2020,12:00,Cumberland,1,0,
03-18-2020,12:00,Champaign,1,0,
03-17-2020,12:00,Illinois,160,0,
03-17-2020,12:00,Cook,107,1,
03-17-2020,12:00,DuPage,26,0,
03-17-2020,12:00,Lake,7,0,
03-17-2020,12:00,Sangamon,3,0,
03-17-2020,12:00,Kane,3,0,
03-17-2020,12:00,Will,2,0,
03-17-2020,12:00,St. Clair,2,0,
03-17-2020,12:00,McHenry,2,0,
03-17-2020,12:00,Clinton,2,0,
03-17-2020,12:00,Woodford,1,0,
03-17-2020,12:00,Winnebago,1,0,
03-17-2020,12:00,Whiteside,1,0,
03-17-2020,12:00,Peoria,1,0,
03-17-2020,12:00,Cumberland,1,0,
03-17-2020,12:00,Champaign,1,0,
